-0.00,-0.00,-0.00,-0.00,-0.00
-0.00,-0.00,-0.00,-0.00,-0.00
-0.00,-0.00,-0.00,-0.00,-0.00
-0.00,-0.00,-0.00,-0.00,-0.00
-0.00,-0.00,-0.00,-0.00,-0.00
-0.00,-0.00,-0.00,-0.00,-0.00
-0.00,-0.00,-0.00,-0.00,-0.00
-0.00,-0.00,-0.00,-0.00,-0.00
-0.00,-0.00,-0.00,-0.00,-0.00
-0.00,-0.00,-0.00,-0.00,-0.00
-0.00,-0.00,-0.00,-0.00,-0.00
-0.00,-0.00,-0.00,-0.00,-0.00
-0.00,-0.00,-0.00,-0.00,-0.00
-0.00,-0.00,-0.00,-0.00,-0.00
-0.00,-0.00,-0.00,-0.00,-0.00
-0.00,-0.00,-0.00,-0.00,-0.00
-0.00,-0.00,-0.00,-0.00,-0.00
-0.00,-0.00,-0.00,-0.00,-0.00
-0.00,-0.00,-0.00,-0.00,-0.00
-0.00,-0.00,-0.00,-0.00,-0.00
-0.00,-0.00,-0.00,-0.00,-0.00
-0.00,-0.00,-0.00,-0.00,-0.00
-0.00,-0.00,-0.00,-0.00,-0.00
-0.00,-0.00,-0.00,-0.00,-0.00
-0.00,-0.00,-0.00,-0.00,-0.00
-0.00,-0.00,-0.00,-0.00,-0.00
-0.00,-0.00,-0.00,-0.00,-0.00
-0.00,-0.00,-0.00,-0.00,-0.00
-0.00,-0.00,-0.00,-0.00,-0.00
-0.00,-0.00,-0.00,-0.00,-0.00
-0.00,-0.00,-0.00,-0.00,-0.00
-0.00,-0.00,-0.00,-0.00,-0.00
-0.00,-0.00,-0.00,-0.00,-0.00
-0.00,-0.00,-0.00,-0.00,-0.00
-0.00,-0.00,-0.00,-0.00,-0.00
-0.00,-0.00,-0.00,-0.00,-0.00
-0.00,-0.00,-0.00,-0.00,-0.00
-0.00,-0.00,-0.00,-0.00,-0.00
-0.00,-0.00,-0.00,-0.00,-0.00
-0.00,-0.00,-0.00,-0.00,-0.00
-0.00,-0.00,-0.00,-0.00,-0.00
-0.00,-0.00,-0.00,-0.00,-0.00
-0.00,-0.00,-0.00,-0.00,-0.00
-0.00,-0.00,-0.00,-0.00,-0.00
-0.00,-0.00,-0.00,-0.00,-0.00
-0.00,-0.00,-0.00,-0.00,-0.00
-0.00,-0.00,-0.00,-0.00,-0.00
-0.00,-0.00,-0.00,-0.00,-0.00
-0.00,-0.00,-0.00,-0.00,-0.00
-0.00,-0.00,-0.00,-0.00,-0.00
-0.00,-0.00,-0.00,-0.00,-0.00
-0.00,-0.00,-0.00,-0.00,-0.00
-0.00,-0.00,-0.00,-0.00,-0.00
-0.00,-0.00,-0.00,-0.00,-0.00
-0.00,-0.00,-0.00,-0.00,-0.00
-0.00,-0.00,-0.00,-0.00,-0.00
-0.00,-0.00,-0.00,-0.00,-0.00
-0.00,-0.00,-0.00,-0.00,-0.00
-0.00,-0.00,-0.00,-0.00,-0.00
-0.00,-0.00,-0.00,-0.00,-0.00
-0.00,-0.00,-0.00,-0.00,-0.00
-0.00,-0.00,-0.00,-0.00,-0.00
-0.00,-0.00,-0.00,-0.00,-0.00
-0.00,-0.00,-0.00,-0.00,-0.00
-0.00,-0.00,-0.00,-0.00,-0.00
-0.00,-0.00,-0.00,-0.00,-0.00
-0.00,-0.00,-0.00,-0.00,-0.00
-0.00,-0.00,-0.00,-0.00,-0.00
-0.00,-0.00,-0.00,-0.00,-0.00
-0.00,-0.00,-0.00,-0.00,-0.00
-0.00,-0.00,-0.00,-0.00,-0.00
-0.00,-0.00,-0.00,-0.00,-0.00
-0.00,-0.00,-0.00,-0.00,-0.00
-0.00,-0.00,-0.00,-0.00,-0.00
-0.00,-0.00,-0.00,-0.00,-0.00
-0.00,-0.00,-0.00,-0.00,-0.00
-0.00,-0.00,-0.00,-0.00,-0.00
-0.00,-0.00,-0.00,-0.00,-0.00
1.52,1.52,1.52,3.51,0.12
13.23,13.23,13.02,15.30,4.88
27.50,27.50,22.71,29.62,23.95
42.74,42.74,37.17,47.66,36.74
48.80,48.80,47.38,51.42,41.83
41.51,41.51,50.93,44.01,43.58
18.97,18.97,59.43,53.18,55.31
14.86,14.86,71.26,58.70,82.20
29.96,29.96,70.08,62.33,85.06
35.28,35.28,61.75,58.37,86.72
35.81,35.81,65.01,58.01,81.57
20.85,20.85,74.69,58.81,78.94
15.21,15.21,76.71,58.80,78.05
16.06,16.06,77.66,60.25,81.50
13.67,13.67,76.46,60.38,83.14
11.24,11.24,72.89,59.03,85.14
9.11,9.11,69.18,57.50,84.19
9.34,9.34,66.27,66.84,82.16
10.37,10.37,62.15,70.08,82.74
10.29,10.29,57.56,69.64,81.45
12.21,12.21,59.85,69.59,78.65
14.16,14.16,57.80,73.04,80.33
15.19,15.19,55.71,73.86,79.74
16.72,16.72,52.58,65.11,80.23
13.85,13.85,50.37,53.10,79.08
11.51,11.51,60.74,59.04,79.53
11.63,11.63,62.31,53.47,77.09
11.90,11.90,64.70,53.94,78.75
12.68,12.68,61.47,55.67,77.39
13.16,13.16,65.35,65.16,78.79
15.65,15.65,64.96,63.75,78.02
15.13,15.13,68.47,65.16,77.88
15.43,15.43,68.48,61.34,78.24
24.83,24.83,69.54,58.62,79.04
26.50,26.50,66.00,61.56,78.54
28.36,28.36,68.10,60.05,80.10
27.85,27.85,62.92,55.51,78.06
23.38,23.38,65.06,60.86,76.25
22.71,22.71,66.76,62.20,78.34
22.17,22.17,68.75,60.88,79.97
14.61,14.61,63.79,61.98,77.76
13.93,13.93,64.12,58.48,77.09
12.82,12.82,60.32,59.86,79.95
12.38,12.38,57.87,53.01,79.66
9.11,9.11,54.52,48.98,78.65
3.82,3.82,52.28,50.98,77.14
6.32,6.32,58.52,52.28,80.67
9.19,9.19,67.64,51.57,78.65
15.25,15.25,67.11,52.82,80.06
18.49,18.49,65.28,56.57,77.22
18.50,18.50,60.60,56.82,78.78
13.92,13.92,59.32,58.09,79.02
19.60,19.60,54.83,56.55,78.24
24.30,24.30,55.00,50.58,79.01
25.13,25.13,56.91,52.84,78.23
24.01,24.01,57.50,55.51,77.97
21.08,21.08,60.74,58.38,77.57
16.58,16.58,57.86,57.51,80.90
19.29,19.29,63.32,59.36,78.26
21.36,21.36,62.04,53.11,77.61
21.69,21.69,59.98,59.56,78.67
18.96,18.96,52.83,57.54,79.09
28.08,28.08,53.20,52.00,80.24
29.98,29.98,56.84,48.33,78.25
30.26,30.26,57.13,53.48,78.07
23.03,23.03,61.46,54.80,79.74
13.93,13.93,58.14,56.67,79.80
11.60,11.60,59.94,60.11,79.46
13.35,13.35,63.29,62.30,77.80
16.70,16.70,58.25,58.44,78.62
16.41,16.41,58.86,57.32,76.92
16.18,16.18,55.42,54.88,79.48
15.85,15.85,45.31,55.81,78.23
14.17,14.17,48.65,53.89,80.15
10.94,10.94,52.83,53.39,76.58
11.68,11.68,56.67,51.86,78.76
14.62,14.62,60.45,52.14,78.20
16.03,16.03,60.41,51.23,78.03
15.90,15.90,62.31,52.59,76.51
13.56,13.56,60.45,52.00,76.67
11.84,11.84,58.04,51.33,78.36
11.96,11.96,57.21,49.02,78.55
12.65,12.65,48.76,42.70,80.28
13.02,13.02,49.92,43.97,78.48
15.01,15.01,56.46,49.01,78.99
19.89,19.89,59.25,50.86,78.53
17.38,17.38,58.39,50.32,77.52
12.83,12.83,59.41,51.42,78.63
9.91,9.91,57.90,49.53,78.05
14.47,14.47,57.71,52.37,77.81
15.76,15.76,58.19,49.84,77.37
15.81,15.81,53.73,50.56,78.71
15.95,15.95,49.34,49.25,78.63
19.87,19.87,48.39,49.15,77.04
28.42,28.42,51.07,46.88,76.58
27.75,27.75,57.11,46.55,78.33
21.85,21.85,64.55,45.47,77.98
21.67,21.67,63.17,46.80,77.58
24.17,24.17,61.20,46.76,77.49
25.32,25.32,69.43,45.03,77.33
27.67,27.67,71.08,40.65,77.38
29.12,29.12,65.58,42.17,77.12
31.31,31.31,59.06,45.86,79.38
26.37,26.37,59.35,46.94,76.93
22.69,22.69,56.35,47.62,76.63
19.46,19.46,57.86,48.12,77.04
25.07,25.07,61.85,48.53,76.12
31.82,31.82,59.58,47.92,76.26
30.93,30.93,62.48,47.61,77.38
30.19,30.19,56.27,48.46,77.12
35.11,35.11,55.13,47.23,76.86
33.89,33.89,61.53,49.04,77.20
22.41,22.41,52.47,49.88,77.04
28.30,28.30,57.25,50.68,77.24
31.75,31.75,53.81,48.73,77.55
33.48,33.48,56.26,50.59,76.99
32.80,32.80,57.57,48.42,77.15
30.57,30.57,58.90,45.42,77.76
19.86,19.86,60.14,48.58,78.14
15.52,15.52,58.13,49.02,77.71
25.35,25.35,56.49,47.70,77.66
29.18,29.18,56.28,42.05,77.16
25.77,25.77,55.27,37.42,77.11
24.07,24.07,55.77,40.80,76.63
25.28,25.28,56.59,41.50,77.53
23.88,23.88,55.54,39.77,76.61
22.35,22.35,56.44,39.99,76.77
17.52,17.52,59.24,39.71,77.49
18.15,18.15,58.50,39.62,77.45
21.00,21.00,58.72,42.63,77.21
23.08,23.08,57.50,38.46,77.31
20.86,20.86,54.90,40.70,76.97
20.66,20.66,53.86,36.73,78.05
21.49,21.49,53.96,37.82,77.72
19.99,19.99,54.30,37.66,77.42
20.98,20.98,55.87,35.80,77.21
19.46,19.46,56.73,33.24,77.39
21.34,21.34,58.23,39.38,76.95
26.23,26.23,56.00,37.07,77.24
27.18,27.18,54.98,41.30,77.49
19.37,19.37,47.62,43.92,77.85
21.99,21.99,30.91,48.11,77.95
24.17,24.17,42.08,42.55,78.27
25.49,25.49,41.24,39.94,76.86
29.93,29.93,42.68,40.48,76.98
28.61,28.61,46.66,40.27,77.86
19.97,19.97,45.94,40.55,77.50
14.57,14.57,44.04,41.95,76.29
17.50,17.50,42.42,39.24,77.37
20.66,20.66,37.11,38.09,76.51
18.75,18.75,45.14,43.71,76.48
19.91,19.91,34.16,39.44,76.83
27.93,27.93,38.90,41.36,76.70
29.30,29.30,38.01,36.10,76.37
27.01,27.01,37.58,41.96,75.47
27.64,27.64,39.26,41.17,76.20
27.63,27.63,37.50,41.48,77.23
26.36,26.36,33.37,35.70,76.45
25.25,25.25,42.26,43.77,75.86
22.53,22.53,33.77,40.56,77.00
25.44,25.44,31.50,43.00,77.14
22.60,22.60,28.60,40.01,76.54
24.47,24.47,27.85,33.29,75.63
25.27,25.27,25.43,38.27,77.31
22.69,22.69,29.74,41.38,75.97
23.70,23.70,31.34,42.15,77.26
27.54,27.54,31.11,42.56,77.33
27.94,27.94,32.44,43.22,77.68
21.68,21.68,32.41,44.87,77.17
24.93,24.93,31.31,45.18,75.91
26.53,26.53,31.87,42.57,75.93
28.08,28.08,30.58,42.87,76.15
30.42,30.42,31.29,42.00,76.98
25.18,25.18,31.70,43.04,76.84
23.95,23.95,33.64,45.08,76.66
26.38,26.38,32.97,44.61,75.97
27.95,27.95,33.97,42.03,76.17
23.71,23.71,34.04,44.57,77.94
26.07,26.07,35.68,41.84,77.22
30.13,30.13,34.44,44.79,78.64
27.89,27.89,36.16,43.98,78.29
29.59,29.59,33.51,42.78,77.85
26.61,26.61,36.35,46.73,77.65
22.67,22.67,40.68,49.76,78.73
18.89,18.89,43.23,45.08,78.84
17.86,17.86,36.95,46.88,77.62
19.25,19.25,32.42,48.08,78.39
17.97,17.97,38.98,50.13,78.18
23.97,23.97,50.74,46.81,79.34
29.84,29.84,59.37,44.59,77.84
24.74,24.74,68.68,41.10,78.70
20.56,20.56,61.72,40.58,79.60
23.72,23.72,66.27,37.38,79.25
22.76,22.76,67.79,33.12,79.43
17.98,17.98,66.77,34.12,78.56
18.84,18.84,57.41,34.49,78.65
18.38,18.38,55.64,39.38,77.23
14.04,14.04,57.20,42.01,76.78
10.09,10.09,45.89,43.41,79.53
8.05,8.05,50.97,43.01,82.47
8.88,8.88,52.49,38.83,79.73
9.94,9.94,44.55,34.98,79.75
15.34,15.34,47.15,31.73,79.31
16.93,16.93,43.31,36.45,79.74
14.11,14.11,45.70,42.10,79.20
24.87,24.87,46.78,45.44,80.44
29.34,29.34,46.68,45.13,80.76
32.83,32.83,34.79,46.21,78.79
29.51,29.51,34.59,44.02,80.40
33.90,33.90,34.26,45.93,79.37
37.48,37.48,35.97,50.88,80.71
31.72,31.72,39.73,49.44,78.80
22.20,22.20,40.34,52.51,81.23
19.64,19.64,36.67,48.28,77.27
27.24,27.24,27.22,50.48,79.35
34.94,34.94,30.49,56.22,81.27
34.83,34.83,34.83,53.58,78.11
33.92,33.92,33.17,51.45,77.27
26.12,26.12,27.87,50.60,77.94
20.65,20.65,36.97,51.79,79.54
22.92,22.92,30.81,49.01,77.65
18.76,18.76,31.41,48.73,79.70
13.69,13.69,36.72,48.49,77.73
15.87,15.87,31.97,48.65,80.77
25.16,25.16,30.02,50.38,80.42
25.37,25.37,32.31,52.11,79.93
23.80,23.80,36.78,52.93,78.69
23.21,23.21,41.13,51.45,78.85
19.50,19.50,40.53,54.72,78.98
27.13,27.13,37.46,56.44,80.07
33.66,33.66,39.85,57.84,80.74
32.59,32.59,36.04,53.24,80.43
32.81,32.81,36.95,51.04,78.92
32.74,32.74,42.07,55.34,78.22
25.28,25.28,40.28,56.39,80.40
19.58,19.58,38.53,54.78,78.37
22.38,22.38,39.45,51.19,80.86
22.78,22.78,39.98,45.91,78.57
20.32,20.32,50.45,43.02,80.57
14.56,14.56,42.77,45.02,80.33
9.48,9.48,47.22,44.30,79.14
13.57,13.57,48.28,41.21,79.51
15.12,15.12,47.70,45.24,78.71
12.05,12.05,45.91,46.29,80.02
8.21,8.21,45.71,46.59,78.68
9.40,9.40,49.05,46.77,79.10
10.84,10.84,48.73,42.74,80.28
10.63,10.63,49.61,41.36,81.37
13.30,13.30,50.08,46.85,77.86
13.52,13.52,46.95,45.38,77.98
20.55,20.55,55.16,42.40,80.88
17.67,17.67,58.68,40.08,78.04
20.44,20.44,55.98,49.91,80.89
27.20,27.20,53.77,43.49,79.41
29.05,29.05,49.02,44.41,79.97
27.66,27.66,54.18,49.68,79.98
19.91,19.91,48.22,47.21,78.37
21.73,21.73,57.19,49.65,81.27
27.91,27.91,52.78,48.83,79.15
28.21,28.21,52.54,48.92,79.22
29.45,29.45,47.19,47.77,78.87
31.11,31.11,50.83,45.10,79.63
34.55,34.55,50.04,47.84,79.03
34.15,34.15,49.97,49.96,79.53
28.21,28.21,57.19,46.99,78.85
23.97,23.97,59.23,51.70,78.15
22.37,22.37,59.01,49.02,79.66
22.52,22.52,57.11,54.46,80.07
21.00,21.00,52.88,48.47,79.69
16.82,16.82,57.40,51.22,79.86
18.22,18.22,61.57,45.10,80.70
32.07,32.07,63.96,49.49,79.20
30.93,30.93,63.79,51.39,78.35
26.07,26.07,65.21,50.15,79.65
23.39,23.39,66.85,45.33,79.56
17.96,17.96,66.57,49.35,79.54
11.53,11.53,68.65,51.64,79.07
10.87,10.87,68.02,49.77,78.09
9.58,9.58,69.28,50.62,79.88
12.22,12.22,67.85,48.05,79.53
14.83,14.83,67.43,47.85,77.99
17.36,17.36,65.63,48.36,80.63
17.72,17.72,56.95,40.70,78.66
15.22,15.22,62.93,46.29,79.81
18.67,18.67,67.54,44.33,79.90
19.03,19.03,68.71,43.81,79.23
20.09,20.09,68.14,39.36,78.49
14.73,14.73,66.83,41.66,78.86
11.27,11.27,66.29,44.97,78.90
12.46,12.46,70.10,46.39,78.89
12.08,12.08,69.94,42.30,78.43
10.40,10.40,69.11,48.61,79.23
11.46,11.46,71.06,42.53,79.20
14.68,14.68,74.87,34.27,77.87
10.88,10.88,81.40,18.84,79.10
13.87,13.87,86.18,6.23,76.60
17.76,17.76,80.75,20.51,77.18
18.50,18.50,77.94,28.47,77.44
14.94,14.94,70.77,35.96,79.23
16.45,16.45,71.86,33.72,78.13
20.72,20.72,70.26,33.26,78.66
22.88,22.88,65.59,33.50,82.04
22.68,22.68,68.21,28.88,77.62
17.36,17.36,64.23,28.50,80.12
17.84,17.84,70.31,35.90,80.06
20.56,20.56,69.44,40.62,77.79
24.64,24.64,69.15,38.01,79.34
22.32,22.32,67.74,35.83,79.24
22.42,22.42,69.51,36.13,78.33
22.76,22.76,70.35,35.38,78.55
26.40,26.40,69.08,34.03,79.16
25.89,25.89,67.61,33.14,79.70
24.10,24.10,67.79,25.87,79.89
21.44,21.44,70.81,27.37,79.89
13.64,13.64,72.35,27.94,79.31
11.33,11.33,79.64,29.43,77.84
17.40,17.40,88.07,27.67,73.37
22.99,22.99,80.51,21.42,77.71
21.25,21.25,78.18,30.23,79.38
18.43,18.43,76.23,30.53,81.79
14.79,14.79,64.04,31.43,77.72
12.68,12.68,71.84,33.77,77.03
16.37,16.37,68.05,37.60,78.24
25.02,25.02,69.68,38.84,78.22
29.90,29.90,70.59,37.07,78.49
29.52,29.52,71.11,35.13,77.77
25.06,25.06,63.91,37.02,78.11
26.05,26.05,63.88,38.41,78.56
31.72,31.72,70.47,39.58,79.08
31.04,31.04,69.20,37.74,77.56
25.65,25.65,68.18,34.57,77.42
24.41,24.41,67.57,28.88,79.68
24.65,24.65,70.18,27.47,78.39
21.69,21.69,65.24,23.74,77.14
14.24,14.24,69.71,16.50,77.50
8.03,8.03,79.46,19.73,76.02
9.03,9.03,83.16,23.09,73.44
9.60,9.60,70.13,19.03,74.39
15.41,15.41,69.10,18.17,77.58
15.74,15.74,66.22,24.73,79.24
18.69,18.69,68.36,33.66,79.25
21.77,21.77,68.80,31.20,79.91
20.21,20.21,60.76,24.42,80.31
24.57,24.57,64.48,24.77,78.64
22.85,22.85,62.36,28.91,78.65
22.35,22.35,64.55,31.52,79.35
25.12,25.12,63.64,25.48,79.36
26.39,26.39,61.93,31.58,78.63
31.14,31.14,62.60,35.10,79.00
36.54,36.54,62.66,35.36,79.81
44.18,44.18,60.61,20.85,77.44
46.60,46.60,61.15,33.09,78.03
48.21,48.21,57.01,27.60,78.90
46.87,46.87,57.34,34.26,78.07
47.98,47.98,60.64,32.95,80.21
40.56,40.56,63.66,38.28,77.74
41.14,41.14,70.82,35.89,78.20
41.44,41.44,69.86,37.55,76.61
41.17,41.17,68.98,41.26,76.98
46.07,46.07,66.22,34.93,77.88
54.11,54.11,62.40,26.74,78.29
65.48,65.48,60.39,27.54,76.41
78.71,78.71,58.60,29.22,75.26
79.26,79.26,59.30,39.17,73.10
79.96,79.96,62.85,40.65,69.71
78.91,78.91,64.25,32.42,71.20
76.35,76.35,79.00,31.72,70.59
72.92,72.92,87.19,24.87,71.96
67.88,67.88,77.85,12.17,71.50
70.30,70.30,78.95,12.21,73.67
69.78,69.78,72.72,21.89,75.63
63.74,63.74,66.42,32.79,73.67
63.21,63.21,63.48,30.45,74.27
62.93,62.93,70.09,31.27,74.94
56.08,56.08,73.78,28.82,67.13
56.18,56.18,71.79,27.82,71.48
55.13,55.13,74.02,33.53,71.82
50.52,50.52,90.61,38.53,64.39
45.42,45.42,77.95,36.00,63.85
45.29,45.29,80.81,30.64,62.80
48.97,48.97,72.99,24.16,75.50
51.35,51.35,73.42,29.44,79.77
50.41,50.41,75.17,28.95,77.62
53.28,53.28,69.82,32.37,75.64
56.55,56.55,72.01,35.98,72.57
57.24,57.24,76.69,36.31,73.31
54.06,54.06,72.33,32.80,73.28
54.17,54.17,70.37,31.31,72.68
53.84,53.84,75.05,30.31,72.16
55.35,55.35,79.11,28.74,74.89
57.94,57.94,74.17,24.50,74.84
58.93,58.93,68.98,26.19,75.98
55.11,55.11,72.49,32.42,75.36
57.05,57.05,76.06,35.93,75.97
54.24,54.24,71.75,24.13,73.14
48.95,48.95,72.81,31.56,71.17
45.95,45.95,78.56,35.67,69.76
44.13,44.13,86.18,37.46,71.13
41.60,41.60,87.84,30.35,66.58
41.48,41.48,81.98,20.25,68.85
38.82,38.82,80.18,25.22,67.87
38.20,38.20,74.81,22.98,67.60
36.04,36.04,71.48,27.73,70.49
34.22,34.22,77.20,34.28,71.03
34.54,34.54,72.66,31.88,69.58
33.77,33.77,78.50,29.08,69.07
31.93,31.93,77.89,29.26,70.97
30.14,30.14,70.93,33.08,72.33
26.07,26.07,71.24,38.96,72.71
27.23,27.23,71.43,36.58,73.11
29.72,29.72,76.06,32.26,72.62
31.53,31.53,69.86,30.82,70.19
33.41,33.41,69.44,21.48,66.20
34.23,34.23,69.83,24.43,66.31
32.26,32.26,72.71,33.31,70.28
27.21,27.21,72.39,29.10,66.02
17.47,17.47,69.27,23.56,59.46
19.98,19.98,83.96,22.24,68.88
22.25,22.25,80.06,22.53,62.85
23.85,23.85,70.77,20.41,58.63
22.76,22.76,72.49,25.60,61.14
30.29,30.29,67.33,33.84,57.64
33.57,33.57,66.53,32.87,61.45
28.55,28.55,67.31,35.81,64.40
26.00,26.00,66.41,33.05,63.68
30.38,30.38,66.17,35.92,64.64
22.99,22.99,62.89,33.90,63.82
28.42,28.42,68.48,33.90,67.21
27.39,27.39,69.18,31.05,64.61
27.68,27.68,70.20,31.49,71.01
26.55,26.55,65.17,36.02,68.69
26.44,26.44,68.00,36.86,69.89
24.33,24.33,65.10,30.66,67.90
26.36,26.36,69.22,27.57,70.58
17.96,17.96,63.94,29.38,68.31
25.55,25.55,65.82,31.68,66.87
28.11,28.11,67.41,35.10,66.17
25.11,25.11,77.61,34.69,67.33
26.24,26.24,78.56,30.72,67.23
28.48,28.48,76.75,30.06,67.18
30.32,30.32,75.18,33.53,66.27
29.32,29.32,70.82,33.65,63.22
28.21,28.21,67.68,32.35,62.80
28.51,28.51,66.41,34.23,65.54
24.43,24.43,65.13,31.92,64.51
26.36,26.36,65.55,32.92,65.27
25.45,25.45,71.50,30.93,62.60
26.16,26.16,72.87,28.18,63.08
21.33,21.33,89.31,7.70,57.00
18.99,18.99,87.75,9.36,51.65
25.12,25.12,74.39,21.08,53.54
30.47,30.47,81.01,24.75,57.09
29.56,29.56,75.95,28.55,59.48
36.45,36.45,64.07,25.96,58.45
43.36,43.36,71.32,31.19,59.95
50.67,50.67,76.45,30.26,60.45
57.12,57.12,78.14,29.26,61.30
73.75,73.75,76.85,32.65,67.49
65.45,65.45,78.34,34.03,67.29
61.16,61.16,89.83,32.36,62.27
68.68,68.68,83.77,24.11,69.47
60.49,60.49,80.68,24.11,68.66
58.29,58.29,69.72,38.14,68.86
58.94,58.94,68.29,47.60,68.94
60.50,60.50,70.95,47.42,69.13
64.57,64.57,70.78,31.94,68.98
71.66,71.66,78.91,21.10,67.73
76.54,76.54,79.30,26.05,66.62
75.91,75.91,80.51,26.14,64.40
74.56,74.56,80.44,33.20,63.77
73.85,73.85,73.76,31.30,65.08
71.95,71.95,79.60,29.20,66.08
71.39,71.39,80.06,28.88,68.11
65.26,65.26,77.30,25.80,66.95
63.29,63.29,71.46,19.53,66.78
62.68,62.68,66.56,19.09,69.49
64.00,64.00,73.02,22.80,68.82
59.45,59.45,66.74,23.96,68.96
59.80,59.80,69.70,25.56,68.62
67.69,67.69,79.65,30.21,68.10
66.04,66.04,87.16,27.15,65.58
65.53,65.53,81.51,27.59,65.36
61.65,61.65,81.10,29.51,66.69
60.35,60.35,84.15,40.96,67.73
60.42,60.42,77.76,45.62,67.98
60.54,60.54,83.10,44.22,64.44
63.17,63.17,81.14,37.67,63.63
75.00,75.00,78.15,22.02,64.76
77.15,77.15,85.17,21.64,61.40
75.47,75.47,82.17,23.75,59.21
75.26,75.26,82.21,30.72,61.02
75.27,75.27,79.20,40.26,62.64
73.51,73.51,78.29,41.44,66.08
69.68,69.68,83.66,40.34,68.08
60.04,60.04,80.47,37.30,65.78
56.23,56.23,80.79,30.46,64.56
63.55,63.55,71.69,23.45,68.19
63.25,63.25,73.19,25.08,66.50
50.39,50.39,71.78,24.22,61.54
48.33,48.33,74.68,22.23,60.97
50.92,50.92,89.21,33.81,61.90
42.29,42.29,74.24,34.96,57.32
46.96,46.96,72.52,33.40,60.02
46.77,46.77,68.65,29.06,58.68
47.65,47.65,66.66,30.59,59.41
48.05,48.05,66.76,33.96,64.35
42.15,42.15,65.84,27.75,64.82
48.49,48.49,66.74,30.08,65.07
47.29,47.29,65.20,33.29,65.32
48.80,48.80,63.82,25.76,68.00
48.20,48.20,68.88,23.02,66.66
48.56,48.56,69.88,26.30,69.12
45.82,45.82,66.41,27.58,71.93
48.65,48.65,66.45,37.44,69.82
47.58,47.58,66.91,31.62,70.34
46.59,46.59,67.06,27.52,66.87
50.96,50.96,68.69,24.86,72.23
50.50,50.50,62.77,24.48,69.86
47.86,47.86,66.29,27.35,66.67
40.10,40.10,71.88,28.85,67.06
43.39,43.39,80.49,30.53,70.31
47.22,47.22,77.83,27.13,67.39
48.49,48.49,75.44,26.31,66.18
45.98,45.98,72.79,36.40,65.69
46.27,46.27,69.43,36.22,65.92
50.18,50.18,69.64,32.79,72.00
45.59,45.59,66.90,40.16,68.19
45.61,45.61,65.58,32.19,69.00
50.52,50.52,69.13,32.30,69.90
54.40,54.40,72.81,19.83,66.82
60.53,60.53,81.49,19.24,65.92
64.96,64.96,90.35,21.46,59.25
74.89,74.89,82.55,19.35,60.40
73.42,73.42,76.72,17.55,56.16
71.15,71.15,79.29,24.95,55.28
72.63,72.63,68.77,23.56,60.68
70.52,70.52,69.46,31.32,61.02
69.46,69.46,74.72,32.47,61.86
63.20,63.20,79.23,21.03,63.24
63.76,63.76,78.08,23.80,64.70
69.94,69.94,75.02,18.51,69.06
56.25,56.25,86.50,19.06,62.67
54.99,54.99,86.69,10.82,59.99
56.55,56.55,80.70,14.63,66.38
54.03,54.03,79.73,28.97,66.08
55.72,55.72,75.51,38.29,61.37
55.74,55.74,74.67,38.05,66.56
54.85,54.85,82.32,32.28,71.22
55.00,55.00,78.55,37.97,71.14
58.12,58.12,80.92,36.42,72.38
57.72,57.72,81.74,44.19,72.71
54.50,54.50,82.59,49.91,70.53
55.16,55.16,84.03,47.11,68.80
55.50,55.50,77.07,40.55,70.15
53.83,53.83,75.67,42.60,70.03
56.26,56.26,81.31,39.71,70.60
55.88,55.88,81.71,38.93,70.78
53.58,53.58,72.25,42.07,71.02
58.71,58.71,68.40,40.90,71.91
56.34,56.34,73.40,29.04,73.28
51.87,51.87,71.94,19.75,70.17
49.17,49.17,79.69,13.23,68.30
44.43,44.43,89.06,16.63,64.62
39.38,39.38,87.01,19.56,60.65
39.41,39.41,81.58,19.81,56.51
39.67,39.67,76.56,25.19,57.43
43.27,43.27,74.52,30.82,68.73
43.59,43.59,79.03,32.50,71.87
40.36,40.36,79.73,28.19,74.93
39.47,39.47,83.66,20.81,73.61
41.79,41.79,77.55,26.29,71.30
41.63,41.63,76.10,30.44,63.63
43.69,43.69,82.75,20.62,63.76
38.59,38.59,80.11,18.12,63.68
36.77,36.77,78.66,19.92,65.50
33.56,33.56,71.59,26.55,65.88
35.73,35.73,71.98,28.08,68.26
37.26,37.26,71.04,27.77,66.49
38.36,38.36,67.39,30.69,66.60
36.65,36.65,72.72,27.18,70.59
35.15,35.15,74.16,23.20,64.41
28.53,28.53,69.63,26.92,56.47
30.26,30.26,86.44,31.18,66.18
30.36,30.36,79.39,27.06,57.86
28.01,28.01,70.98,28.15,56.75
24.23,24.23,72.29,23.73,59.17
32.32,32.32,67.36,24.33,57.13
33.60,33.60,66.29,26.31,61.18
28.37,28.37,67.69,31.79,65.49
25.23,25.23,65.65,22.45,65.11
29.05,29.05,65.23,25.38,66.86
25.79,25.79,64.74,25.88,65.64
29.10,29.10,67.62,25.18,68.73
30.03,30.03,68.28,34.46,67.19
30.20,30.20,69.42,31.70,70.76
27.50,27.50,67.29,32.59,69.81
25.91,25.91,68.25,30.15,70.92
27.40,27.40,67.71,24.02,68.89
27.17,27.17,70.24,27.43,70.06
25.63,25.63,65.84,28.70,70.34
27.58,27.58,66.99,26.43,66.75
29.23,29.23,74.28,26.11,66.67
29.39,29.39,79.42,36.09,67.15
24.88,24.88,79.89,35.26,68.25
26.50,26.50,77.39,34.39,69.72
27.08,27.08,74.10,40.87,65.12
21.52,21.52,71.30,42.10,64.63
25.57,25.57,68.58,43.74,66.43
30.90,30.90,75.59,47.37,77.64
33.56,33.56,72.74,54.83,74.90
42.20,42.20,70.54,48.08,72.69
49.46,49.46,69.88,38.93,70.98
58.84,58.84,77.97,19.19,71.37
61.72,61.72,89.40,6.68,69.19
64.16,64.16,87.84,11.74,70.10
72.55,72.55,77.84,17.27,78.31
72.87,72.87,81.05,15.86,78.51
72.16,72.16,76.36,9.65,77.42
76.95,76.95,67.13,2.57,75.53
76.65,76.65,70.63,9.51,72.24
73.86,73.86,77.66,13.69,69.86
68.35,68.35,79.95,10.97,67.78
74.72,74.72,77.93,17.36,66.60
66.30,66.30,81.14,16.94,65.51
56.19,56.19,91.18,14.26,62.43
61.32,61.32,81.69,23.28,68.83
61.82,61.82,82.55,30.61,79.49
61.14,61.14,74.29,32.42,80.92
60.68,60.68,74.12,18.05,82.32
62.27,62.27,74.00,13.85,77.95
62.11,62.11,69.43,17.91,79.93
63.06,63.06,66.45,22.66,78.59
62.41,62.41,68.56,29.12,78.32
63.23,63.23,67.24,34.23,79.54
62.96,62.96,63.47,28.32,79.68
61.24,61.24,72.05,12.35,79.10
59.28,59.28,67.89,0.45,80.64
60.60,60.60,68.16,10.39,80.25
61.29,61.29,63.40,21.78,81.06
59.17,59.17,64.67,28.11,80.08
56.60,56.60,63.73,32.87,76.17
60.92,60.92,59.64,36.30,77.36
59.54,59.54,68.85,31.22,74.67
57.04,57.04,76.97,32.18,71.14
50.61,50.61,80.62,29.07,67.39
43.30,43.30,90.20,20.02,58.88
46.33,46.33,84.68,5.73,68.65
47.00,47.00,82.03,11.49,71.20
45.15,45.15,82.94,21.44,75.59
46.25,46.25,73.54,23.56,74.97
51.61,51.61,81.16,26.71,77.57
53.31,53.31,74.72,27.65,72.42
51.85,51.85,78.44,28.52,76.18
46.26,46.26,76.04,36.22,75.29
39.05,39.05,75.75,26.27,75.91
37.94,37.94,79.67,33.82,76.55
43.81,43.81,82.82,34.17,72.05
50.24,50.24,84.23,34.41,74.64
53.32,53.32,81.25,41.53,77.89
54.67,54.67,81.81,43.02,79.17
51.74,51.74,72.17,53.93,79.01
47.17,47.17,66.77,47.89,77.32
55.21,55.21,67.16,58.70,75.27
56.12,56.12,73.86,57.06,72.87
54.86,54.86,78.17,60.75,72.81
48.82,48.82,87.40,61.96,67.04
51.00,51.00,74.11,71.95,62.62
54.48,54.48,72.33,87.22,67.81
53.95,53.95,68.70,87.41,75.18
55.42,55.42,70.00,87.56,73.91
57.34,57.34,67.65,85.57,78.33
56.58,56.58,60.53,87.18,77.68
54.06,54.06,63.39,88.10,74.75
54.73,54.73,58.07,86.75,76.69
61.22,61.22,60.97,86.75,78.24
65.83,65.83,61.91,85.79,76.13
66.80,66.80,59.90,85.23,76.66
61.82,61.82,61.94,86.37,75.69
54.45,54.45,61.88,87.55,77.53
51.46,51.46,57.99,83.31,78.35
51.21,51.21,63.96,72.34,79.79
47.21,47.21,67.79,55.56,80.26
41.39,41.39,69.53,50.24,79.03
40.86,40.86,61.88,39.70,79.10
43.74,43.74,65.59,45.25,79.78
45.13,45.13,72.84,50.60,78.82
46.34,46.34,71.89,44.25,78.76
45.35,45.35,70.56,50.69,79.49
42.39,42.39,67.41,49.02,77.69
43.92,43.92,64.85,57.67,78.28
39.78,39.78,63.29,56.18,81.42
41.37,41.37,59.93,54.77,78.93
40.24,40.24,60.18,60.56,80.70
45.51,45.51,67.14,63.35,75.99
38.69,38.69,70.57,56.93,76.54
27.26,27.26,77.18,43.31,74.22
22.37,22.37,89.79,37.16,70.44
23.49,23.49,86.52,35.92,71.70
20.17,20.17,77.24,37.69,71.67
20.72,20.72,77.11,41.17,79.78
16.80,16.80,80.08,49.13,79.17
13.45,13.45,74.90,43.00,80.36
16.74,16.74,74.90,38.18,78.99
17.30,17.30,76.31,37.34,77.62
16.34,16.34,77.04,38.83,76.08
15.31,15.31,75.18,47.22,77.57
14.09,14.09,85.87,42.19,74.26
14.98,14.98,86.58,43.92,68.93
18.35,18.35,81.47,42.42,70.28
24.70,24.70,82.63,34.54,80.09
24.74,24.74,76.18,47.00,81.18
27.07,27.07,80.62,52.34,82.38
31.79,31.79,75.72,44.65,79.97
30.76,30.76,76.47,39.60,79.60
27.58,27.58,80.05,40.16,77.33
32.78,32.78,77.06,43.56,78.59
32.50,32.50,81.45,47.36,79.11
29.35,29.35,77.81,42.34,79.49
25.22,25.22,81.74,45.70,79.79
25.37,25.37,81.64,40.03,80.11
27.13,27.13,81.92,45.39,79.72
30.60,30.60,76.12,43.05,80.17
36.75,36.75,63.51,28.46,79.45
35.95,35.95,65.76,38.08,73.37
35.15,35.15,71.08,44.17,74.95
29.40,29.40,75.52,33.56,75.47
28.39,28.39,77.39,37.03,69.03
21.21,21.21,90.22,32.66,66.00
18.64,18.64,86.26,7.86,60.27
18.86,18.86,77.28,9.62,69.70
18.23,18.23,74.91,14.13,72.32
18.52,18.52,77.40,30.21,75.54
17.54,17.54,85.29,30.53,75.66
21.18,21.18,81.79,31.37,77.13
19.33,19.33,83.31,36.52,72.85
17.38,17.38,84.22,39.88,76.23
18.21,18.21,85.43,42.63,75.83
17.91,17.91,80.34,37.44,75.81
18.92,18.92,71.09,48.70,76.24
14.47,14.47,81.71,55.16,73.80
11.53,11.53,78.13,52.56,77.77
9.47,9.47,81.39,44.90,82.02
15.50,15.50,72.06,40.08,79.66
20.64,20.64,71.20,33.16,78.83
27.08,27.08,65.38,30.71,77.48
48.25,48.25,71.55,28.85,73.75
55.20,55.20,74.72,37.70,71.08
53.89,53.89,86.27,52.48,71.55
45.08,45.08,79.32,46.49,65.83
40.39,40.39,70.75,54.92,67.83
38.70,38.70,71.65,56.29,71.61
26.65,26.65,71.30,57.00,77.70
19.78,19.78,69.11,60.35,76.37
17.03,17.03,68.89,66.78,79.12
16.78,16.78,66.00,68.13,78.48
14.84,14.84,60.39,71.46,74.04
12.58,12.58,63.18,75.98,77.71
15.16,15.16,68.69,77.11,77.64
23.09,23.09,67.49,74.92,75.96
23.49,23.49,66.49,74.51,76.63
20.77,20.77,63.61,73.33,75.52
32.09,32.09,64.33,64.55,79.52
42.74,42.74,64.41,72.59,79.15
44.87,44.87,58.26,62.74,79.33
42.81,42.81,62.68,70.42,81.23
31.52,31.52,66.19,69.27,77.84
22.96,22.96,61.98,70.53,78.94
21.53,21.53,67.85,73.56,79.87
24.58,24.58,71.35,72.05,78.48
27.59,27.59,70.80,65.03,78.41
24.17,24.17,67.58,65.01,78.47
18.23,18.23,64.42,73.63,75.89
17.50,17.50,59.93,72.20,77.73
19.22,19.22,56.49,76.06,80.37
17.13,17.13,54.21,67.46,75.64
18.82,18.82,61.41,70.08,79.02
18.44,18.44,66.32,71.43,76.22
15.45,15.45,72.04,59.86,75.27
10.70,10.70,88.36,58.59,71.29
13.49,13.49,86.65,48.98,73.05
20.81,20.81,75.68,52.43,74.82
21.13,21.13,76.44,56.45,76.14
16.90,16.90,73.90,49.95,78.98
12.72,12.72,76.29,52.88,78.80
11.71,11.71,78.76,50.67,79.44
13.72,13.72,75.28,53.46,77.50
11.51,11.51,77.47,53.52,76.48
5.06,5.06,77.63,47.69,72.58
3.49,3.49,81.03,46.60,74.17
4.22,4.22,88.00,46.78,73.23
6.31,6.31,81.75,43.29,69.23
11.21,11.21,79.60,45.64,70.49
15.05,15.05,79.30,45.00,80.22
22.78,22.78,78.82,45.97,80.77
28.04,28.04,82.11,44.12,82.01
24.83,24.83,81.84,35.47,81.20
17.18,17.18,83.20,42.73,77.43
19.27,19.27,84.86,35.68,77.91
22.01,22.01,82.98,40.14,78.56
22.09,22.09,82.64,42.00,78.69
19.60,19.60,76.81,35.19,79.41
16.92,16.92,79.91,30.82,80.30
17.47,17.47,75.83,29.45,80.75
20.20,20.20,78.50,28.61,79.18
20.17,20.17,75.50,31.93,81.33
23.11,23.11,68.09,40.86,79.09
21.18,21.18,66.02,45.21,73.73
17.25,17.25,71.87,39.78,74.51
14.24,14.24,75.33,44.38,75.00
11.37,11.37,82.46,23.72,72.04
6.64,6.64,88.20,27.27,63.48
11.14,11.14,83.10,38.50,63.32
13.10,13.10,80.24,39.70,71.97
15.34,15.34,79.69,41.65,72.73
15.46,15.46,72.52,41.26,74.62
16.52,16.52,80.79,40.00,74.20
16.17,16.17,76.47,38.58,77.04
17.84,17.84,79.49,40.12,72.67
18.54,18.54,74.61,40.83,76.65
14.75,14.75,74.55,37.51,75.61
15.86,15.86,78.38,38.16,75.20
16.26,16.26,78.10,35.00,76.82
13.21,13.21,78.07,35.28,74.76
11.07,11.07,77.20,38.55,77.46
11.96,11.96,72.84,41.41,76.65
15.67,15.67,68.73,46.51,79.20
17.86,17.86,69.21,48.45,77.26
28.36,28.36,68.54,44.41,75.52
37.83,37.83,72.96,60.59,72.97
38.92,38.92,78.97,62.90,77.31
32.91,32.91,83.87,65.66,71.10
20.92,20.92,70.97,62.32,69.72
9.02,9.02,70.38,76.62,70.89
11.17,11.17,66.20,89.49,69.72
15.49,15.49,70.31,88.30,77.44
16.65,16.65,69.81,89.14,75.00
16.64,16.64,60.03,87.21,78.23
15.62,15.62,62.76,87.76,76.81
17.48,17.48,56.63,88.51,74.03
16.59,16.59,54.49,88.38,75.79
25.54,25.54,59.45,86.94,77.81
30.99,30.99,61.01,86.14,75.17
26.94,26.94,57.82,85.62,75.90
26.17,26.17,60.33,85.98,73.63
22.32,22.32,59.86,87.14,78.57
23.10,23.10,59.64,86.77,77.99
27.60,27.60,53.24,77.49,78.59
26.60,26.60,50.49,66.34,80.69
23.01,23.01,59.67,72.42,77.89
26.04,26.04,64.83,62.99,78.98
27.20,27.20,71.45,60.94,78.10
25.77,25.77,70.81,58.62,78.82
24.70,24.70,68.69,53.50,78.34
15.90,15.90,65.86,59.14,79.27
12.38,12.38,61.39,67.47,76.76
16.63,16.63,57.55,68.76,77.71
19.04,19.04,52.91,73.51,80.23
18.46,18.46,54.10,64.93,76.88
19.33,19.33,65.41,60.82,79.62
18.07,18.07,67.05,63.10,76.19
19.14,19.14,77.91,57.69,76.51
21.87,21.87,84.90,57.87,70.40
24.08,24.08,79.24,48.94,72.79
20.81,20.81,82.42,43.74,74.36
19.63,19.63,77.69,40.01,76.15
14.31,14.31,76.22,41.93,79.47
14.66,14.66,74.34,41.45,78.58
13.44,13.44,71.41,38.50,80.04
13.62,13.62,73.15,41.05,77.67
9.92,9.92,76.83,46.07,77.40
6.96,6.96,75.69,50.50,74.40
6.49,6.49,88.90,56.07,72.39
4.77,4.77,85.08,51.13,70.52
9.87,9.87,79.63,56.44,71.75
14.76,14.76,76.56,51.83,80.18
18.97,18.97,72.95,61.08,80.50
21.89,21.89,69.90,63.97,82.02
22.23,22.23,78.59,67.54,78.00
18.95,18.95,73.79,58.80,78.66
16.16,16.16,73.58,63.95,78.13
16.37,16.37,76.40,68.61,78.24
19.18,19.18,73.57,63.46,81.80
16.42,16.42,76.72,69.81,77.99
18.76,18.76,74.78,68.08,80.49
20.30,20.30,75.63,69.88,80.60
22.57,22.57,74.34,74.90,80.04
25.31,25.31,71.00,76.16,80.94
27.50,27.50,63.82,65.98,77.49
26.98,26.98,61.26,61.19,75.40
23.37,23.37,71.55,49.57,75.44
16.90,16.90,75.73,43.73,73.93
17.10,17.10,78.09,42.80,71.55
10.56,10.56,89.82,28.59,66.31
14.27,14.27,85.87,31.27,63.61
16.21,16.21,79.35,34.16,71.32
17.93,17.93,79.06,37.67,72.33
18.34,18.34,72.51,40.70,75.78
20.50,20.50,77.38,38.60,74.62
21.35,21.35,75.67,36.00,75.69
19.98,19.98,78.27,46.22,75.25
20.79,20.79,73.16,50.17,76.34
20.82,20.82,81.22,58.73,75.05
23.96,23.96,83.08,61.21,75.28
23.00,23.00,81.13,64.35,75.08
18.16,18.16,82.27,66.53,72.73
14.67,14.67,78.56,68.58,76.63
14.83,14.83,81.44,71.67,78.16
19.82,19.82,75.52,71.49,78.34
20.70,20.70,69.01,65.67,77.88
20.55,20.55,62.96,61.87,75.64
28.86,28.86,66.18,64.99,77.23
40.92,40.92,72.89,58.59,74.33
46.45,46.45,83.79,51.81,78.09
48.81,48.81,73.13,56.39,69.38
55.16,55.16,71.84,62.15,70.89
57.36,57.36,67.64,68.29,74.26
49.76,49.76,68.80,67.49,75.19
28.02,28.02,64.66,69.30,77.03
20.47,20.47,59.33,70.57,78.55
25.95,25.95,59.33,69.76,76.55
32.49,32.49,59.71,73.16,75.36
31.28,31.28,54.89,75.02,75.45
29.23,29.23,54.17,71.63,76.91
35.87,35.87,57.06,73.83,78.52
35.68,35.68,53.94,75.56,77.23
36.79,36.79,53.41,69.59,75.44
41.18,41.18,49.82,71.22,79.15
43.64,43.64,49.89,72.22,78.34
41.93,41.93,48.99,65.04,79.88
34.17,34.17,48.24,71.81,80.23
28.93,28.93,51.38,74.64,78.01
30.48,30.48,59.17,70.34,79.46
30.72,30.72,69.77,75.78,79.49
33.28,33.28,70.82,71.06,79.15
35.27,35.27,70.04,65.62,77.32
34.49,34.49,67.41,70.89,75.69
34.25,34.25,63.53,73.62,78.30
39.73,39.73,59.50,70.26,79.11
46.08,46.08,54.67,73.21,79.18
53.09,53.09,55.61,70.98,77.85
60.00,60.00,62.83,71.92,79.41
59.28,59.28,71.14,71.11,79.21
58.11,58.11,73.39,66.64,75.36
61.52,61.52,89.96,62.75,75.64
58.26,58.26,82.35,52.16,74.28
50.67,50.67,72.70,45.32,76.31
40.66,40.66,75.58,52.76,77.37
37.28,37.28,74.31,54.68,77.93
35.47,35.47,74.66,56.09,80.30
33.62,33.62,74.18,58.35,77.88
36.28,36.28,68.95,50.92,79.58
37.61,37.61,73.98,50.79,74.51
32.66,32.66,76.10,47.84,74.60
21.02,21.02,85.33,56.49,74.75
22.16,22.16,89.38,52.05,72.22
33.04,33.04,80.09,50.27,69.69
37.65,37.65,79.93,54.82,73.92
35.50,35.50,72.48,52.92,81.56
22.73,22.73,72.25,57.44,79.96
18.88,18.88,70.12,52.25,83.83
18.01,18.01,75.32,60.05,77.30
16.28,16.28,68.39,50.79,80.96
20.16,20.16,66.85,57.64,78.40
23.73,23.73,67.13,67.58,80.19
23.89,23.89,60.38,67.46,76.84
23.88,23.88,56.07,71.73,77.85
18.77,18.77,56.37,68.99,79.79
16.76,16.76,56.64,66.58,80.15
17.43,17.43,49.85,69.27,80.58
18.95,18.95,47.97,69.84,79.29
20.73,20.73,49.19,70.64,74.56
17.48,17.48,63.33,70.02,75.06
16.22,16.22,69.13,63.18,73.08
18.10,18.10,78.03,61.14,71.00
16.03,16.03,89.56,56.88,69.86
14.88,14.88,85.80,53.18,68.45
11.80,11.80,77.77,58.93,70.17
7.23,7.23,80.51,58.64,75.20
10.93,10.93,81.73,49.93,74.05
18.39,18.39,80.21,50.46,73.70
20.29,20.29,75.19,61.90,76.53
20.41,20.41,83.36,60.68,76.61
16.95,16.95,79.42,60.77,76.20
13.98,13.98,83.29,54.69,76.36
11.89,11.89,80.99,53.56,77.19
12.42,12.42,83.73,53.40,77.47
14.73,14.73,78.30,49.43,74.37
14.39,14.39,77.86,48.68,75.21
14.60,14.60,72.28,57.30,76.58
15.61,15.61,71.34,64.14,77.32
16.97,16.97,73.56,67.85,80.16
17.87,17.87,65.53,60.06,75.03
13.98,13.98,66.57,63.48,71.96
8.91,8.91,71.28,64.88,75.95
10.67,10.67,84.53,59.60,76.07
9.86,9.86,75.62,67.25,65.49
8.01,8.01,67.62,67.23,68.49
14.81,14.81,64.36,82.18,72.37
21.49,21.49,61.74,89.22,75.43
21.26,21.26,56.20,88.35,75.60
16.59,16.59,55.46,87.93,76.56
12.91,12.91,55.81,87.84,76.55
13.12,13.12,51.60,86.69,75.14
18.19,18.19,48.85,86.73,76.43
29.58,29.58,52.79,89.73,75.65
36.23,36.23,57.01,88.15,75.87
36.48,36.48,54.60,88.71,75.51
31.56,31.56,52.04,88.18,74.60
26.57,26.57,51.84,86.15,75.91
24.02,24.02,48.01,88.27,77.37
22.22,22.22,49.39,82.37,75.87
19.79,19.79,48.90,69.53,79.79
19.70,19.70,50.24,72.17,78.89
18.87,18.87,55.85,69.63,76.27
24.56,24.56,68.34,63.79,79.39
34.61,34.61,69.42,71.20,78.60
34.05,34.05,69.76,67.79,77.37
26.73,26.73,66.56,62.92,76.58
15.40,15.40,62.46,71.38,75.42
14.30,14.30,57.78,69.67,79.00
23.00,23.00,55.30,70.59,76.74
24.58,24.58,51.83,72.39,77.33
20.63,20.63,59.85,66.87,77.68
16.79,16.79,63.03,68.28,76.15
15.54,15.54,74.05,66.67,76.65
11.58,11.58,88.34,59.90,68.45
12.65,12.65,86.67,55.72,70.84
14.70,14.70,76.03,59.47,70.50
18.30,18.30,80.74,57.10,74.94
16.13,16.13,74.45,50.02,77.26
11.08,11.08,71.69,46.17,77.40
11.87,11.87,73.84,55.35,80.34
11.49,11.49,71.16,61.13,76.65
9.88,9.88,74.30,60.87,77.47
6.83,6.83,72.89,54.02,73.04
7.12,7.12,80.66,52.63,73.20
7.51,7.51,86.59,43.61,71.63
9.94,9.94,80.97,53.26,70.85
18.69,18.69,81.21,55.55,67.93
20.74,20.74,70.44,53.11,75.81
19.17,19.17,77.32,54.30,80.75
18.61,18.61,81.12,58.59,80.41
19.28,19.28,80.34,55.73,80.79
23.32,23.32,78.04,48.68,78.22
22.38,22.38,80.78,45.64,76.76
25.09,25.09,82.59,45.97,77.95
28.41,28.41,80.83,44.35,76.77
26.98,26.98,79.95,45.32,79.68
23.47,23.47,79.77,48.66,78.11
20.95,20.95,76.06,48.47,80.34
19.49,19.49,73.60,53.88,79.52
20.42,20.42,72.50,54.20,79.97
21.45,21.45,68.96,52.32,79.84
19.11,19.11,66.76,52.64,75.88
13.65,13.65,68.63,40.61,72.27
12.25,12.25,74.64,49.32,71.79
10.39,10.39,80.90,44.49,70.64
4.65,4.65,88.61,44.61,66.38
9.56,9.56,81.35,53.06,64.45
13.06,13.06,75.87,58.21,67.59
17.13,17.13,78.75,63.58,73.90
19.21,19.21,75.40,66.49,75.18
19.91,19.91,77.41,73.15,73.48
18.75,18.75,71.70,65.91,76.52
18.84,18.84,75.51,66.35,72.52
20.60,20.60,79.32,71.99,75.81
19.07,19.07,72.36,69.20,75.20
18.66,18.66,73.70,73.12,74.34
20.43,20.43,81.18,74.85,73.71
19.51,19.51,76.16,72.78,74.58
15.42,15.42,79.47,75.76,72.51
14.92,14.92,76.40,70.30,76.24
15.32,15.32,70.05,60.37,78.14
17.21,17.21,67.75,44.56,76.58
17.66,17.66,64.03,43.06,75.92
28.99,28.99,67.98,38.11,73.22
36.16,36.16,76.24,41.79,74.65
36.89,36.89,82.85,41.47,72.69
32.28,32.28,71.15,40.53,67.00
34.67,34.67,70.03,41.00,71.02
33.19,33.19,67.26,38.61,72.56
22.04,22.04,65.17,38.97,78.90
14.25,14.25,64.29,42.86,75.72
16.59,16.59,58.11,34.48,79.58
14.05,14.05,53.58,38.05,77.96
14.40,14.40,56.03,42.57,75.87
17.30,17.30,53.78,46.94,77.41
27.72,27.72,55.87,45.14,80.10
31.75,31.75,56.48,47.71,78.32
28.12,28.12,54.47,39.56,76.79
28.39,28.39,50.89,36.88,78.87
25.20,25.20,51.07,44.64,74.04
22.83,22.83,47.26,47.55,79.59
23.30,23.30,51.08,46.91,78.65
24.88,24.88,53.73,45.46,79.34
17.03,17.03,53.44,51.76,80.88
7.76,7.76,60.03,52.70,77.85
14.88,14.88,71.00,50.54,77.57
18.67,18.67,69.88,46.69,79.96
24.74,24.74,67.18,45.72,77.25
28.22,28.22,64.13,53.20,77.87
23.13,23.13,60.63,57.29,79.08
16.71,16.71,56.72,53.21,79.27
18.15,18.15,51.36,59.42,77.88
22.01,22.01,54.06,64.30,78.45
21.78,21.78,62.76,61.26,75.80
21.33,21.33,72.67,54.13,77.60
20.85,20.85,78.27,44.24,73.52
15.15,15.15,87.48,48.18,71.10
19.41,19.41,84.13,49.46,72.94
18.47,18.47,79.27,49.97,73.78
18.78,18.78,72.15,48.96,75.54
17.41,17.41,68.15,46.27,76.97
11.13,11.13,72.66,45.67,78.44
12.39,12.39,76.69,54.36,79.26
9.57,9.57,77.13,61.86,77.07
7.26,7.26,73.38,60.37,77.34
5.54,5.54,76.55,54.94,74.54
5.50,5.50,85.19,55.51,72.44
6.61,6.61,86.51,57.55,73.29
10.87,10.87,82.66,62.36,69.29
15.84,15.84,78.26,57.28,77.08
17.23,17.23,76.56,53.51,78.94
17.52,17.52,78.67,61.31,81.64
15.32,15.32,73.94,66.68,79.79
15.88,15.88,76.73,72.87,77.02
17.82,17.82,71.47,70.29,76.56
20.72,20.72,71.86,73.84,76.64
26.96,26.96,76.69,75.87,78.76
28.04,28.04,71.84,73.92,78.89
25.37,25.37,77.41,79.07,77.48
22.21,22.21,76.03,78.12,80.23
24.12,24.12,75.37,80.43,78.39
25.26,25.26,71.70,79.76,79.12
23.57,23.57,68.16,74.34,79.20
25.18,25.18,62.55,63.83,75.78
18.44,18.44,64.91,49.88,73.87
12.12,12.12,71.64,35.98,73.89
13.40,13.40,75.38,35.36,72.67
8.62,8.62,87.10,32.81,70.58
7.61,7.61,87.42,9.11,62.88
16.82,16.82,82.79,4.83,67.96
21.03,21.03,80.33,14.31,72.39
27.11,27.11,82.54,31.58,74.01
27.49,27.49,84.85,29.47,72.83
25.82,25.82,81.93,41.22,75.21
26.28,26.28,81.38,33.27,73.84
24.96,24.96,85.11,40.23,75.27
25.48,25.48,83.46,34.72,72.20
26.24,26.24,84.61,35.16,75.42
21.98,21.98,81.87,39.71,75.30
23.42,23.42,79.69,38.12,72.51
19.54,19.54,80.72,27.61,73.57
19.48,19.48,70.06,26.96,77.33
20.57,20.57,71.17,36.29,76.02
22.95,22.95,66.04,36.72,79.86
22.34,22.34,60.70,39.02,76.16
23.51,23.51,66.78,43.13,73.42
31.60,31.60,74.10,44.19,76.07
32.59,32.59,83.37,52.58,76.16
27.50,27.50,75.92,59.23,71.26
17.35,17.35,71.06,65.21,72.57
12.78,12.78,67.10,67.83,71.16
16.12,16.12,65.17,86.18,74.74
17.49,17.49,60.06,87.17,74.66
18.72,18.72,52.51,86.91,77.71
17.66,17.66,51.84,88.06,76.90
16.71,16.71,54.57,88.28,76.08
20.53,20.53,48.83,87.54,76.68
26.81,26.81,50.47,86.84,76.33
36.63,36.63,55.01,86.48,75.30
33.84,33.84,52.24,87.62,76.17
31.32,31.32,48.89,86.75,74.36
28.98,28.98,47.24,87.73,76.57
22.89,22.89,45.44,87.79,77.04
22.11,22.11,44.02,85.64,77.75
23.68,23.68,48.21,78.35,80.11
16.35,16.35,51.26,73.55,78.66
10.29,10.29,56.29,72.76,76.08
15.47,15.47,67.89,65.33,79.47
19.45,19.45,69.11,72.16,78.67
21.50,21.50,69.03,67.48,76.86
19.96,19.96,65.07,68.74,78.66
14.35,14.35,61.09,70.37,74.14
16.26,16.26,57.11,65.78,78.25
19.54,19.54,52.75,72.13,79.09
20.15,20.15,50.86,71.21,77.15
20.90,20.90,62.40,69.89,77.23
20.21,20.21,61.57,69.04,75.83
18.72,18.72,72.34,63.07,75.04
15.01,15.01,88.11,59.63,70.52
17.78,17.78,86.66,43.89,70.34
17.80,17.80,78.57,36.29,73.11
19.09,19.09,80.29,34.30,75.99
17.10,17.10,71.06,44.04,77.25
12.58,12.58,71.89,62.43,77.61
9.84,9.84,74.41,72.33,79.64
11.36,11.36,73.52,78.43,75.32
13.56,13.56,74.23,87.59,77.09
13.38,13.38,73.32,85.78,74.26
13.02,13.02,81.29,85.28,73.36
13.26,13.26,83.85,87.64,74.35
16.81,16.81,80.24,85.21,70.14
22.14,22.14,79.34,85.04,69.99
19.73,19.73,75.17,86.25,78.93
19.60,19.60,71.60,83.79,79.42
19.61,19.61,71.49,84.84,81.12
14.77,14.77,71.44,88.37,80.07
14.24,14.24,73.57,86.29,76.22
17.09,17.09,77.35,89.58,76.38
23.89,23.89,75.33,86.28,76.77
28.29,28.29,74.75,87.41,77.42
28.73,28.73,70.70,84.50,78.80
27.16,27.16,62.58,81.60,78.09
24.32,24.32,71.58,79.62,80.48
23.62,23.62,66.78,73.15,78.91
21.32,21.32,70.25,70.91,79.51
23.88,23.88,58.12,57.53,79.74
20.88,20.88,61.18,49.22,76.35
14.62,14.62,68.29,46.71,72.78
13.51,13.51,72.59,51.68,75.16
9.25,9.25,82.27,43.90,72.49
7.31,7.31,83.70,28.10,62.50
12.08,12.08,81.27,30.36,66.55
15.51,15.51,79.26,47.68,69.52
18.14,18.14,79.57,66.70,73.32
22.14,22.14,77.20,81.52,74.83
22.66,22.66,73.41,86.97,75.84
22.30,22.30,72.50,88.23,75.90
27.19,27.19,72.34,87.09,73.07
24.47,24.47,77.65,85.38,75.81
21.75,21.75,75.71,86.38,72.95
21.79,21.79,75.54,87.26,75.09
24.64,24.64,72.06,87.36,75.61
24.20,24.20,72.18,86.35,71.77
22.53,22.53,65.65,87.58,73.58
31.59,31.59,65.28,87.37,76.44
36.28,36.28,59.56,86.27,77.04
39.18,39.18,56.22,87.20,79.68
42.57,42.57,67.44,86.23,74.12
42.30,42.30,69.97,80.78,73.25
41.80,41.80,83.55,67.83,79.69
41.50,41.50,77.17,60.08,70.57
46.03,46.03,69.60,55.62,67.84
51.52,51.52,66.28,48.33,72.98
49.74,49.74,62.43,52.72,72.55
42.53,42.53,57.78,59.59,76.78
28.53,28.53,57.52,62.18,76.70
25.44,25.44,50.96,58.13,78.74
42.83,42.83,49.04,54.99,78.23
50.22,50.22,48.83,56.95,76.90
50.80,50.80,50.11,48.33,77.05
53.11,53.11,55.59,61.37,78.87
56.23,56.23,54.77,58.58,77.19
59.07,59.07,52.50,49.76,77.88
62.71,62.71,53.53,46.33,76.71
62.12,62.12,53.20,38.11,77.35
62.64,62.64,52.68,34.55,78.39
62.16,62.16,52.73,39.84,77.85
62.05,62.05,53.66,40.45,80.68
58.25,58.25,57.43,38.26,80.37
50.66,50.66,67.49,40.42,78.94
58.95,58.95,69.84,44.57,78.01
55.18,55.18,69.82,47.43,80.39
56.80,56.80,67.06,38.98,78.76
60.83,60.83,62.02,56.26,76.39
62.05,62.05,60.14,65.64,74.81
65.44,65.44,54.74,60.32,77.90
67.27,67.27,50.77,69.07,78.01
68.30,68.30,57.18,68.73,73.82
69.42,69.42,67.93,65.75,73.17
75.14,75.14,69.15,62.37,71.80
70.76,70.76,85.74,56.39,68.59
70.25,70.25,85.74,51.01,67.70
69.87,69.87,78.60,48.71,71.11
67.20,67.20,75.04,59.41,71.33
64.89,64.89,70.23,72.37,74.67
72.22,72.22,69.34,88.65,76.63
75.84,75.84,67.64,88.69,78.04
77.02,77.02,62.94,87.90,77.15
77.41,77.41,67.66,88.60,75.52
76.79,76.79,69.87,88.17,77.21
77.33,77.33,75.72,87.43,74.05
77.08,77.08,84.48,86.77,73.46
76.61,76.61,77.71,86.23,74.04
76.58,76.58,72.00,88.04,75.23
75.67,75.67,65.94,88.16,73.28
77.21,77.21,67.95,87.35,72.46
81.97,81.97,61.92,86.52,70.19
79.88,79.88,64.15,81.67,69.59
82.16,82.16,67.61,71.04,72.05
81.62,81.62,66.99,62.65,71.10
81.06,81.06,66.85,56.98,69.33
77.64,77.64,61.40,45.56,70.09
78.61,78.61,58.15,47.49,73.71
79.12,79.12,55.08,49.83,76.90
79.70,79.70,52.76,49.26,76.94
80.99,80.99,54.72,57.74,77.50
80.86,80.86,51.95,47.67,74.55
79.43,79.43,56.56,43.32,75.57
78.05,78.05,63.96,51.36,74.51
79.72,79.72,68.19,44.68,70.53
79.97,79.97,74.50,50.78,71.86
81.83,81.83,75.82,38.25,72.59
81.96,81.96,86.17,36.93,66.97
81.73,81.73,81.77,38.79,64.67
80.45,80.45,79.97,35.50,67.84
80.38,80.38,81.21,38.66,68.17
81.90,81.90,72.65,43.07,66.10
81.27,81.27,81.76,58.34,66.37
80.16,80.16,75.14,55.61,67.90
80.98,80.98,80.44,64.33,71.77
80.00,80.00,81.13,70.47,72.04
78.24,78.24,79.31,69.50,74.10
76.12,76.12,83.00,74.06,78.11
74.42,74.42,78.60,71.13,79.49
76.97,76.97,82.56,74.56,77.82
76.56,76.56,79.16,70.10,70.89
76.76,76.76,80.70,71.02,74.14
74.71,74.71,69.87,61.76,75.52
68.55,68.55,61.00,41.46,78.95
57.38,57.38,54.08,40.10,81.02
60.48,60.48,61.98,46.14,73.30
68.47,68.47,76.60,54.71,73.12
74.43,74.43,84.99,64.44,65.63
77.80,77.80,68.41,65.47,64.69
81.82,81.82,68.54,66.91,65.24
82.10,82.10,63.45,83.10,68.24
75.74,75.74,59.21,89.20,70.66
74.88,74.88,58.99,86.82,72.71
73.70,73.70,60.35,87.26,74.58
81.03,81.03,53.22,87.67,72.97
81.57,81.57,50.34,87.60,71.69
80.54,80.54,55.51,88.20,69.14
78.42,78.42,59.75,87.54,69.96
80.16,80.16,59.20,85.68,70.35
78.65,78.65,53.43,87.46,73.68
79.07,79.07,48.33,87.00,72.16
78.09,78.09,44.33,87.48,72.80
72.33,72.33,39.47,87.20,72.30
73.63,73.63,39.44,74.20,75.86
74.76,74.76,39.44,67.84,77.69
75.22,75.22,44.82,57.91,76.73
73.32,73.32,50.45,54.64,74.97
74.36,74.36,58.25,55.00,75.01
75.68,75.68,58.82,58.21,74.91
72.89,72.89,55.42,47.90,76.46
66.87,66.87,51.62,47.48,76.75
60.61,60.61,48.93,53.71,77.03
57.68,57.68,46.58,61.94,76.57
58.34,58.34,45.12,59.64,76.86
64.00,64.00,56.84,61.40,74.23
69.36,69.36,64.06,58.94,73.43
73.76,73.76,77.58,52.45,72.46
81.89,81.89,76.78,40.06,69.24
79.51,79.51,88.65,25.30,63.31
80.64,80.64,81.84,10.78,65.37
81.09,81.09,78.27,9.22,69.12
80.92,80.92,74.04,24.79,70.97
80.12,80.12,69.55,31.60,72.41
77.72,77.72,67.58,26.06,71.64
76.81,76.81,69.15,28.98,74.87
77.74,77.74,69.97,39.73,72.15
72.05,72.05,70.88,48.37,72.92
67.98,67.98,69.60,49.12,74.20
68.57,68.57,85.97,48.21,74.24
70.76,70.76,85.44,46.70,71.50
75.08,75.08,80.69,46.60,73.45
73.08,73.08,79.22,53.79,74.32
75.58,75.58,80.77,60.22,74.21
77.26,77.26,80.04,66.58,75.31
77.31,77.31,76.20,67.59,75.33
76.68,76.68,75.84,68.74,76.40
75.89,75.89,79.13,73.09,76.02
75.71,75.71,76.13,73.08,73.19
76.65,76.65,76.97,74.63,71.82
81.31,81.31,80.26,77.24,67.52
82.54,82.54,78.61,75.42,68.64
82.36,82.36,79.26,77.12,64.54
81.59,81.59,75.72,73.90,64.44
81.74,81.74,72.04,71.22,69.39
79.67,79.67,65.82,59.39,71.62
77.77,77.77,62.96,52.58,71.81
72.76,72.76,63.60,46.94,71.82
78.05,78.05,68.26,45.78,67.27
79.59,79.59,74.76,46.09,68.52
80.32,80.32,86.07,45.55,66.17
81.29,81.29,84.71,31.80,64.81
80.44,80.44,78.02,38.15,62.52
78.36,78.36,77.56,38.09,65.46
76.59,76.59,75.26,47.49,71.30
79.72,79.72,82.57,49.65,74.33
80.52,80.52,84.80,49.66,73.04
81.68,81.68,83.58,45.95,65.68
79.79,79.79,87.34,53.47,69.90
79.59,79.59,82.66,54.26,68.45
78.94,78.94,83.10,54.95,68.51
74.28,74.28,83.17,57.04,71.28
68.95,68.95,79.69,55.17,69.36
72.30,72.30,81.30,57.77,69.23
77.55,77.55,76.50,52.95,69.24
78.46,78.46,76.29,58.95,72.07
80.89,80.89,69.74,52.53,73.16
80.21,80.21,64.86,37.63,69.11
78.65,78.65,66.44,46.14,66.38
76.06,76.06,71.82,46.63,72.54
73.79,73.79,85.63,46.96,73.51
69.38,69.38,72.14,50.34,66.63
74.11,74.11,63.99,56.91,71.15
78.17,78.17,63.25,54.42,72.09
78.11,78.11,57.04,50.03,74.25
76.53,76.53,55.13,54.28,75.57
74.04,74.04,47.68,56.54,77.62
72.53,72.53,53.62,53.03,76.63
81.82,81.82,51.50,38.75,72.23
79.39,79.39,46.55,49.10,74.91
81.57,81.57,49.29,50.44,76.45
80.22,80.22,53.04,48.21,75.27
80.09,80.09,51.28,47.62,80.24
78.51,78.51,47.68,47.31,78.74
79.29,79.29,46.17,46.42,73.90
79.28,79.28,42.47,52.94,78.25
73.22,73.22,41.22,43.45,79.70
71.95,71.95,42.15,38.82,73.87
73.22,73.22,46.77,46.63,75.38
71.91,71.91,51.20,52.50,73.96
76.09,76.09,60.59,52.28,75.80
77.05,77.05,57.33,54.17,78.54
76.99,76.99,54.72,51.94,77.95
77.27,77.27,48.56,43.91,77.46
77.17,77.17,44.50,51.97,77.35
76.29,76.29,40.95,51.26,75.43
70.03,70.03,37.47,45.50,75.60
64.07,64.07,50.23,59.49,77.24
62.75,62.75,65.61,44.21,71.19
67.63,67.63,70.53,41.15,72.84
70.92,70.92,79.25,35.31,71.81
77.73,77.73,86.75,24.06,69.77
80.24,80.24,85.97,30.96,68.92
82.71,82.71,76.05,36.36,67.42
83.04,83.04,77.14,53.92,67.56
79.50,79.50,70.69,62.60,70.37
82.67,82.67,70.52,63.26,70.79
81.40,81.40,69.88,63.26,71.30
81.46,81.46,70.26,59.01,75.82
80.47,80.47,72.10,45.31,72.32
80.65,80.65,74.56,33.66,67.16
79.77,79.77,81.67,17.10,71.99
77.20,77.20,84.99,15.78,67.61
76.27,76.27,80.99,21.90,66.55
78.95,78.95,79.03,24.08,67.52
81.32,81.32,72.03,13.95,67.82
78.69,78.69,74.41,18.81,69.95
80.60,80.60,70.85,10.51,71.67
76.34,76.34,67.17,9.69,70.77
76.07,76.07,67.22,15.15,72.24
75.50,75.50,67.95,31.06,73.61
78.25,78.25,65.52,33.13,75.07
81.46,81.46,62.81,26.15,75.33
82.10,82.10,58.41,23.67,76.08
76.95,76.95,57.73,21.11,78.94
77.63,77.63,57.11,30.11,78.54
77.87,77.87,56.34,42.54,74.60
80.02,80.02,54.83,37.63,75.19
78.44,78.44,53.26,44.54,74.62
80.27,80.27,57.23,55.70,75.02
81.56,81.56,66.24,50.65,71.42
80.64,80.64,73.77,49.65,70.64
78.75,78.75,81.32,52.94,72.02
78.28,78.28,85.37,49.41,68.22
79.71,79.71,77.02,60.68,68.14
79.38,79.38,77.73,63.76,70.22
75.21,75.21,75.70,65.22,73.08
74.86,74.86,72.61,71.59,78.15
74.13,74.13,64.54,66.28,77.07
74.89,74.89,67.24,67.56,72.26
77.74,77.74,72.13,75.43,72.63
81.52,81.52,73.99,73.45,73.31
78.93,78.93,75.22,76.89,73.57
80.32,80.32,70.69,73.20,73.69
79.97,79.97,70.98,74.09,75.22
75.38,75.38,74.23,77.96,75.11
74.88,74.88,74.26,75.96,74.69
73.58,73.58,69.08,73.36,73.84
78.96,78.96,59.77,63.40,76.90
79.95,79.95,54.96,53.00,73.95
79.62,79.62,62.00,55.45,75.80
81.25,81.25,64.16,56.31,68.48
75.47,75.47,77.05,54.59,74.30
74.27,74.27,81.28,66.05,69.13
72.25,72.25,68.23,70.97,68.96
71.82,71.82,64.00,86.64,70.42
69.99,69.99,58.21,87.41,71.12
75.23,75.23,59.47,87.79,69.15
72.95,72.95,65.43,88.25,73.01
80.87,80.87,67.77,88.43,74.93
80.99,80.99,62.68,87.35,69.57
80.10,80.10,55.89,86.35,71.09
80.35,80.35,55.24,85.74,71.23
81.90,81.90,58.33,87.23,75.52
79.47,79.47,53.78,87.37,70.26
80.23,80.23,53.12,87.83,73.87
80.88,80.88,50.66,86.47,73.75
78.04,78.04,45.47,78.16,73.04
75.24,75.24,45.14,67.58,75.72
75.44,75.44,45.85,62.36,78.57
77.05,77.05,50.82,52.96,76.02
79.89,79.89,61.97,54.75,75.65
77.09,77.09,70.69,51.10,76.31
75.64,75.64,71.10,52.97,72.39
71.79,71.79,69.00,57.71,74.91
68.98,68.98,65.78,51.53,75.61
64.49,64.49,62.12,51.30,71.63
72.15,72.15,63.48,56.44,74.92
80.04,80.04,57.90,65.36,72.35
75.92,75.92,57.49,67.86,72.13
83.00,83.00,56.13,66.08,73.74
79.28,79.28,57.20,59.75,72.11
82.48,82.48,68.22,50.54,70.41
83.79,83.79,81.07,52.55,71.36
76.18,76.18,76.62,48.72,69.97
71.01,71.01,79.64,41.07,71.02
68.95,68.95,73.91,31.53,68.67
69.91,69.91,68.92,30.62,69.72
76.26,76.26,65.47,31.60,71.78
79.24,79.24,67.68,29.82,74.25
81.83,81.83,72.17,31.63,72.94
84.91,84.91,70.25,36.84,68.03
80.34,80.34,70.23,40.39,70.99
78.04,78.04,83.59,41.76,69.55
79.35,79.35,85.38,46.93,66.54
78.96,78.96,80.14,48.23,65.17
79.64,79.64,76.80,61.92,70.03
79.46,79.46,73.18,66.05,68.49
80.17,80.17,79.85,68.98,70.83
84.97,84.97,68.89,60.17,72.40
81.63,81.63,69.83,70.06,69.73
78.82,78.82,74.17,72.80,72.15
77.19,77.19,74.94,75.21,71.32
73.27,73.27,72.99,73.57,69.56
75.28,75.28,77.84,77.50,73.38
76.62,76.62,75.57,74.19,69.47
82.47,82.47,76.87,76.63,72.76
81.90,81.90,71.08,70.19,71.22
80.54,80.54,65.98,65.61,67.41
76.40,76.40,53.96,51.79,73.69
76.45,76.45,57.42,49.67,67.99
76.42,76.42,55.88,44.79,72.90
72.37,72.37,59.44,33.67,73.33
72.13,72.13,71.48,39.26,72.82
70.57,70.57,80.15,33.51,76.55
64.24,64.24,83.01,6.61,66.29
64.58,64.58,72.73,15.07,58.02
82.94,82.94,62.89,20.00,56.76
82.21,82.21,48.91,20.05,50.32
81.41,81.41,42.31,19.58,42.63
81.13,81.13,45.45,9.43,37.80
79.72,79.72,44.99,7.70,41.85
78.12,78.12,44.47,3.94,41.40
79.22,79.22,40.96,8.30,38.42
75.04,75.04,35.76,19.44,48.79
74.44,74.44,50.04,23.19,44.65
75.97,75.97,42.30,16.93,38.36
74.92,74.92,39.18,15.89,39.08
76.52,76.52,35.59,21.03,42.98
80.52,80.52,43.98,34.03,48.82
80.89,80.89,39.24,28.55,37.48
80.79,80.79,35.75,22.47,34.84
80.97,80.97,34.90,15.55,39.79
78.84,78.84,34.35,18.89,42.26
78.57,78.57,34.83,13.67,35.49
78.54,78.54,36.58,22.01,32.84
80.26,80.26,40.30,22.01,36.95
82.92,82.92,43.61,25.81,40.75
82.32,82.32,46.22,30.26,45.10
79.34,79.34,47.55,21.15,41.41
80.93,80.93,45.53,20.25,41.48
82.38,82.38,38.76,25.56,48.54
74.84,74.84,35.95,30.78,50.60
75.21,75.21,40.09,31.01,46.85
77.04,77.04,38.47,26.75,43.56
76.77,76.77,32.81,20.67,46.28
76.88,76.88,37.37,24.51,45.56
80.23,80.23,32.53,32.13,51.01
81.55,81.55,35.50,26.26,40.86
77.88,77.88,33.80,21.98,35.72
77.77,77.77,34.19,18.23,36.71
78.54,78.54,35.37,23.40,36.08
79.90,79.90,34.99,26.12,39.12
79.21,79.21,41.94,33.38,37.88
78.42,78.42,40.83,29.12,37.12
79.53,79.53,38.96,30.59,37.33
76.78,76.78,35.07,30.00,39.96
71.70,71.70,48.94,36.42,37.73
69.35,69.35,43.41,29.06,29.36
70.26,70.26,32.19,16.72,28.35
71.67,71.67,30.12,16.90,30.33
74.75,74.75,33.34,25.38,28.65
74.17,74.17,31.40,22.75,30.42
77.02,77.02,32.48,22.48,36.51
76.76,76.76,36.20,29.62,38.37
79.10,79.10,40.35,30.33,41.75
78.70,78.70,40.34,28.65,44.60
77.06,77.06,37.34,27.89,44.09
75.77,75.77,37.68,25.65,36.96
72.15,72.15,37.67,23.91,30.61
55.13,55.13,32.38,13.96,19.84
47.26,47.26,30.72,12.31,15.70
47.66,47.66,28.54,11.09,23.39
68.01,68.01,39.98,19.70,36.33
72.66,72.66,57.41,22.65,45.36
81.62,81.62,76.85,33.64,61.34
82.06,82.06,87.38,52.41,67.75
82.06,82.06,82.41,53.54,68.81
82.36,82.36,75.07,56.55,75.37
82.19,82.19,77.02,70.86,72.91
80.97,80.97,75.17,75.14,71.99
79.61,79.61,73.58,76.63,72.58
80.14,80.14,76.41,78.99,73.90
79.48,79.48,67.98,77.55,76.24
79.63,79.63,78.95,81.72,76.19
78.05,78.05,77.69,80.75,74.22
76.25,76.25,78.22,81.45,71.19
79.10,79.10,76.58,80.37,69.04
75.90,75.90,74.06,77.05,74.30
64.61,64.61,71.82,77.09,78.62
66.75,66.75,72.50,74.02,78.04
66.46,66.46,70.39,71.17,75.44
72.81,72.81,57.65,59.50,76.45
69.16,69.16,54.98,47.92,74.35
63.77,63.77,64.79,44.79,75.63
62.38,62.38,72.28,31.69,75.36
59.89,59.89,77.52,35.35,73.93
55.46,55.46,88.49,16.43,69.92
56.29,56.29,81.94,11.54,70.52
59.85,59.85,78.83,3.49,70.74
55.70,55.70,77.69,0.02,77.12
55.58,55.58,81.12,-0.00,78.98
57.41,57.41,82.66,-0.00,77.52
58.32,58.32,81.07,-0.00,76.10
61.00,61.00,79.91,-0.00,75.44
57.83,57.83,83.61,-0.00,76.81
63.76,63.76,81.62,0.40,76.25
64.59,64.59,82.70,1.80,78.83
68.19,68.19,79.22,1.19,77.99
70.47,70.47,79.31,0.13,75.00
71.31,71.31,73.80,-0.00,72.15
71.83,71.83,75.00,-0.00,75.22
81.75,81.75,73.81,-0.00,75.92
84.09,84.09,71.84,-0.00,76.75
74.96,74.96,64.14,-0.00,78.98
71.82,71.82,62.83,12.56,73.11
67.99,67.99,70.51,34.83,73.76
69.58,69.58,84.94,46.15,70.12
65.49,65.49,69.43,58.80,65.32
75.01,75.01,68.44,72.23,66.02
77.89,77.89,62.53,75.27,68.67
80.73,80.73,58.30,88.74,67.50
83.19,83.19,55.61,86.57,70.34
78.36,78.36,52.33,87.32,71.44
77.81,77.81,52.95,87.85,72.51
73.92,73.92,55.26,87.53,72.22
76.07,76.07,52.39,88.32,70.28
74.33,74.33,50.60,87.87,70.59
67.20,67.20,50.93,86.56,72.06
68.51,68.51,50.01,88.05,70.25
78.88,78.88,46.64,88.18,73.23
82.69,82.69,47.05,87.10,69.96
80.60,80.60,48.49,87.35,70.33
81.11,81.11,49.48,82.23,75.45
80.69,80.69,50.18,67.18,74.22
79.24,79.24,54.18,62.07,73.40
80.31,80.31,60.54,53.78,71.48
79.83,79.83,70.63,58.80,72.66
79.15,79.15,69.68,53.36,72.60
79.65,79.65,69.22,52.77,72.29
76.03,76.03,65.14,39.67,74.42
76.02,76.02,60.48,39.24,73.60
76.05,76.05,54.64,42.00,69.57
76.97,76.97,52.50,46.63,71.15
78.59,78.59,53.62,46.06,69.36
75.35,75.35,57.71,43.75,71.15
72.12,72.12,74.25,28.93,70.66
67.88,67.88,79.48,22.09,72.24
68.64,68.64,86.67,8.32,67.06
76.12,76.12,82.03,1.30,67.97
79.58,79.58,75.22,7.81,68.93
78.17,78.17,75.53,18.05,70.73
72.87,72.87,69.54,25.62,70.25
71.85,71.85,63.61,32.06,72.08
72.08,72.08,69.02,35.47,74.47
72.89,72.89,70.54,39.54,72.81
77.27,77.27,73.49,44.04,74.29
78.50,78.50,71.68,39.30,75.08
78.56,78.56,83.65,26.72,71.59
78.05,78.05,84.27,17.38,68.21
78.13,78.13,77.49,32.70,70.48
75.32,75.32,78.44,43.33,69.27
77.28,77.28,78.91,47.40,66.83
81.52,81.52,83.17,40.45,70.42
79.00,79.00,80.02,36.81,72.93
80.12,80.12,83.74,31.94,74.39
80.89,80.89,79.92,30.63,76.29
80.82,80.82,82.38,25.02,74.48
81.09,81.09,80.04,29.24,72.71
81.52,81.52,83.61,38.30,73.28
81.78,81.78,78.06,43.43,73.93
81.90,81.90,72.25,48.52,74.32
81.68,81.68,74.47,43.42,76.13
81.94,81.94,72.16,39.86,75.27
80.81,80.81,71.38,47.11,74.54
79.77,79.77,63.71,45.23,76.32
77.78,77.78,66.60,36.84,76.60
80.56,80.56,74.72,29.13,69.77
80.45,80.45,75.27,22.17,67.69
78.01,78.01,83.71,20.55,73.60
76.41,76.41,85.62,9.71,68.04
75.00,75.00,80.99,20.54,69.14
75.28,75.28,84.13,27.24,69.10
72.18,72.18,76.29,33.80,71.55
73.38,73.38,79.06,45.05,71.74
71.79,71.79,78.97,39.54,71.42
76.18,76.18,75.04,40.80,73.15
75.98,75.98,76.83,42.15,75.97
66.98,66.98,83.07,43.70,76.62
60.08,60.08,79.93,50.77,76.53
60.49,60.49,84.87,54.76,75.27
65.11,65.11,81.83,50.34,73.87
64.57,64.57,84.77,55.51,74.65
63.86,63.86,82.06,52.39,75.02
64.53,64.53,77.67,52.20,76.05
68.43,68.43,71.28,38.08,75.17
67.98,67.98,61.48,34.15,73.73
63.56,63.56,63.76,30.42,73.18
65.35,65.35,69.31,29.50,72.01
62.87,62.87,81.52,27.06,75.87
58.92,58.92,77.99,16.35,69.48
59.42,59.42,70.23,17.30,73.67
59.05,59.05,63.91,24.97,69.61
61.34,61.34,63.68,32.42,73.41
70.58,70.58,63.01,35.72,75.77
77.93,77.93,62.83,40.44,77.20
82.91,82.91,58.58,41.16,74.60
79.82,79.82,54.13,36.28,71.80
83.38,83.38,54.16,41.94,76.68
83.11,83.11,53.35,46.71,74.79
77.79,77.79,50.77,37.38,72.85
77.31,77.31,49.68,33.08,80.65
82.59,82.59,45.54,35.20,77.85
80.09,80.09,46.90,36.13,69.27
81.77,81.77,51.66,42.82,79.05
82.17,82.17,46.53,37.54,79.72
80.67,80.67,45.05,18.49,72.92
78.96,78.96,48.52,33.13,73.18
79.63,79.63,55.79,33.89,74.91
80.37,80.37,68.63,25.81,72.70
79.66,79.66,71.09,20.53,76.09
79.87,79.87,70.38,29.77,72.31
80.52,80.52,66.83,36.17,70.74
78.41,78.41,61.90,42.87,73.51
77.33,77.33,58.85,43.41,74.01
74.56,74.56,54.63,46.44,73.30
75.22,75.22,52.89,50.93,77.47
78.12,78.12,56.10,43.68,70.54
79.42,79.42,68.77,48.22,72.22
81.10,81.10,75.33,50.43,70.58
80.71,80.71,84.58,46.98,72.54
79.48,79.48,84.45,41.20,70.04
79.29,79.29,76.04,46.65,69.34
79.99,79.99,74.18,55.55,69.26
77.98,77.98,71.84,61.26,72.46
75.29,75.29,65.53,64.43,71.57
77.10,77.10,68.62,67.82,71.94
79.96,79.96,73.37,67.02,76.70
78.18,78.18,71.86,64.71,74.15
76.15,76.15,69.81,58.38,72.32
73.99,73.99,74.16,41.16,72.29
73.89,73.89,76.35,45.05,71.94
75.06,75.06,80.31,52.43,74.80
74.31,74.31,78.09,53.21,75.35
71.07,71.07,69.20,51.29,76.91
65.88,65.88,69.63,52.04,76.62
64.37,64.37,56.09,49.66,76.10
65.26,65.26,52.34,55.27,76.45
66.98,66.98,62.08,54.99,74.62
71.26,71.26,67.16,49.63,77.34
81.46,81.46,60.47,43.99,76.30
82.91,82.91,56.24,36.06,74.61
80.67,80.67,57.15,45.95,78.46
80.55,80.55,51.64,41.57,78.02
79.94,79.94,51.44,44.54,78.53
71.61,71.61,51.84,40.15,73.99
71.74,71.74,36.50,40.72,75.64
69.56,69.56,40.80,41.07,73.76
64.39,64.39,56.96,49.59,75.83
63.46,63.46,69.25,49.26,72.35
60.99,60.99,73.09,43.17,72.47
65.10,65.10,80.26,42.29,71.79
63.56,63.56,86.23,42.29,67.12
68.40,68.40,83.05,47.21,67.97
77.06,77.06,78.85,42.86,69.17
82.05,82.05,71.90,58.29,71.62
82.09,82.09,80.21,66.91,69.15
80.38,80.38,81.13,61.36,68.66
80.61,80.61,85.32,64.52,68.01
78.83,78.83,84.96,68.72,71.86
79.68,79.68,85.72,69.67,72.68
79.77,79.77,84.38,69.78,72.29
80.48,80.48,81.57,72.39,73.67
81.85,81.85,81.83,72.23,75.11
80.71,80.71,77.19,69.89,74.18
79.22,79.22,76.17,70.31,74.18
76.35,76.35,76.34,70.32,74.12
77.80,77.80,73.46,66.19,76.01
72.51,72.51,69.89,57.29,73.01
68.87,68.87,64.55,51.78,73.04
67.09,67.09,67.76,44.91,69.62
66.74,66.74,80.24,42.99,74.49
68.16,68.16,82.90,57.64,69.47
65.62,65.62,69.91,63.85,68.09
65.24,65.24,66.61,68.08,69.52
66.79,66.79,61.41,83.29,71.62
63.93,63.93,57.47,89.97,69.60
68.66,68.66,54.86,88.43,72.26
66.34,66.34,52.04,87.02,75.10
64.11,64.11,45.98,88.23,70.42
67.99,67.99,45.65,88.09,73.32
66.11,66.11,45.78,88.09,73.46
70.09,70.09,51.73,87.45,74.53
80.41,80.41,52.55,86.51,74.45
80.87,80.87,50.71,87.71,70.12
80.78,80.78,53.18,87.17,74.19
80.83,80.83,52.55,87.61,71.27
79.50,79.50,50.69,87.64,71.64
80.73,80.73,51.07,75.55,76.47
79.96,79.96,50.27,60.33,77.54
79.18,79.18,53.90,51.99,73.35
79.61,79.61,67.10,44.34,75.51
78.44,78.44,65.48,49.51,71.54
75.19,75.19,60.00,50.74,76.26
75.06,75.06,58.07,43.95,75.96
76.88,76.88,53.51,42.42,72.83
75.80,75.80,59.86,50.30,76.64
75.31,75.31,54.37,46.70,76.18
74.12,74.12,57.67,39.49,73.71
62.50,62.50,67.15,40.08,74.71
62.62,62.62,67.40,48.00,73.53
66.96,66.96,69.35,39.74,71.64
69.71,69.71,86.33,32.33,70.09
78.14,78.14,85.36,32.13,67.66
81.51,81.51,77.36,39.43,69.79
79.49,79.49,77.85,49.54,67.95
78.52,78.52,70.14,53.81,71.46
78.80,78.80,68.89,64.09,73.10
80.72,80.72,63.19,73.37,72.95
80.03,80.03,70.15,83.42,72.31
78.79,78.79,70.30,85.56,70.94
78.82,78.82,70.78,86.08,67.52
74.77,74.77,78.28,87.69,72.16
73.99,73.99,83.43,84.64,70.03
79.04,79.04,72.67,86.29,66.03
80.49,80.49,68.18,88.02,69.19
79.98,79.98,68.30,86.25,66.52
80.13,80.13,72.65,89.77,70.19
80.04,80.04,73.99,86.83,71.05
80.37,80.37,77.68,88.08,70.14
74.87,74.87,74.55,85.20,73.11
76.11,76.11,77.29,82.29,72.32
74.22,74.22,75.63,82.42,72.72
75.37,75.37,72.89,84.52,74.45
76.30,76.30,71.97,84.80,71.96
75.31,75.31,65.50,88.67,72.00
75.94,75.94,64.68,83.67,73.75
77.51,77.51,59.62,74.31,69.76
72.79,72.79,56.98,56.29,75.02
70.66,70.66,56.69,60.74,68.57
75.52,75.52,62.47,50.43,73.48
80.67,80.67,64.42,41.45,69.25
80.58,80.58,72.38,46.17,71.09
80.58,80.58,80.97,44.37,71.24
80.12,80.12,84.94,53.40,66.02
79.71,79.71,78.05,64.97,67.73
78.11,78.11,77.64,77.59,69.38
77.34,77.34,78.48,88.61,71.22
77.88,77.88,70.58,88.70,70.12
77.80,77.80,71.77,87.70,74.68
74.51,74.51,75.10,87.22,73.92
69.03,69.03,77.28,87.38,72.90
73.99,73.99,72.66,88.11,71.41
75.95,75.95,75.33,87.67,73.55
76.40,76.40,72.10,86.51,71.96
75.84,75.84,71.72,86.68,75.57
74.23,74.23,68.33,86.99,72.97
71.65,71.65,64.02,87.04,74.54
78.57,78.57,61.60,86.92,75.75
79.09,79.09,55.28,87.58,73.65
78.54,78.54,47.33,86.72,73.09
67.59,67.59,41.86,78.22,70.73
59.62,59.62,39.61,57.12,60.86
49.91,49.91,33.48,50.62,44.96
45.85,45.85,33.65,46.46,41.98
70.46,70.46,33.11,38.15,51.01
74.68,74.68,37.90,39.65,55.24
75.69,75.69,45.06,45.20,53.84
77.90,77.90,46.11,38.47,51.39
71.42,71.42,51.64,41.12,49.50
85.00,85.00,49.93,44.61,49.76
81.58,81.58,49.57,40.59,45.22
79.86,79.86,47.69,27.99,43.65
74.97,74.97,45.24,17.21,41.57
72.32,72.32,34.88,17.42,38.13
67.58,67.58,31.84,19.50,36.74
63.02,63.02,37.37,25.53,41.67
61.24,61.24,33.24,24.10,45.09
70.83,70.83,31.70,23.24,41.56
76.36,76.36,36.33,22.37,44.57
76.48,76.48,37.80,34.34,48.47
76.23,76.23,46.86,34.61,47.94
77.03,77.03,44.80,32.62,50.64
76.78,76.78,43.77,32.89,46.14
74.60,74.60,46.00,35.49,42.58
73.00,73.00,40.95,28.34,34.99
69.90,69.90,34.83,30.58,39.46
79.47,79.47,39.95,32.76,41.38
81.55,81.55,37.26,17.77,31.68
80.40,80.40,35.12,17.66,34.58
81.63,81.63,33.09,24.60,34.58
81.20,81.20,35.42,21.17,32.08
81.02,81.02,38.94,19.37,28.47
80.18,80.18,38.51,16.72,24.75
78.76,78.76,40.52,18.02,21.83
79.53,79.53,39.30,13.52,27.18
78.37,78.37,39.20,12.33,25.96
80.44,80.44,37.18,16.07,24.10
79.22,79.22,35.92,13.84,26.23
77.96,77.96,35.04,17.71,33.57
77.18,77.18,37.05,15.94,41.36
70.78,70.78,42.16,17.60,44.25
54.30,54.30,49.19,26.63,47.12
50.29,50.29,53.18,35.82,54.94
53.29,53.29,68.58,37.74,67.33
47.81,47.81,88.59,44.84,72.44
49.10,49.10,83.60,51.85,71.31
51.29,51.29,80.53,55.75,76.51
49.41,49.41,76.41,60.33,74.64
53.79,53.79,77.49,70.21,74.30
56.31,56.31,77.50,68.85,74.40
54.23,54.23,77.25,71.08,73.00
53.61,53.61,70.64,71.24,77.41
56.11,56.11,79.69,71.81,76.98
74.06,74.06,77.81,75.31,76.19
76.85,76.85,78.10,74.19,73.69
78.42,78.42,75.62,72.33,74.16
79.27,79.27,76.72,73.77,74.36
77.68,77.68,71.58,72.06,77.51
77.57,77.57,74.27,68.86,77.07
76.27,76.27,66.45,64.21,75.63
82.02,82.02,70.32,53.62,75.17
82.32,82.32,61.77,53.17,73.78
79.60,79.60,71.44,51.69,74.30
74.16,74.16,74.53,41.69,74.48
76.14,76.14,74.49,40.24,73.60
77.52,77.52,87.25,27.03,71.49
80.10,80.10,84.58,15.38,70.82
79.16,79.16,80.25,11.97,68.58
80.97,80.97,80.60,19.41,69.36
81.17,81.17,75.40,26.51,67.50
79.56,79.56,67.14,33.26,67.53
80.19,80.19,71.29,35.07,69.50
80.43,80.43,67.98,30.06,69.25
82.63,82.63,70.32,27.53,67.64
81.85,81.85,67.98,35.85,66.87
82.26,82.26,69.63,33.07,68.67
80.51,80.51,67.53,29.51,67.18
77.16,77.16,64.96,36.35,69.37
73.12,73.12,60.46,41.26,70.73
71.89,71.89,66.68,47.76,74.70
68.71,68.71,64.97,67.85,75.32
72.72,72.72,61.37,73.71,77.21
76.85,76.85,55.61,75.35,79.02
73.11,73.11,60.37,82.91,74.32
74.52,74.52,72.56,74.39,74.57
76.19,76.19,85.58,77.10,72.17
78.55,78.55,71.76,81.82,68.85
75.13,75.13,66.34,79.44,68.07
70.78,70.78,63.35,84.36,65.23
72.60,72.60,60.43,81.48,69.09
68.62,68.62,55.82,89.35,74.09
64.03,64.03,55.20,85.88,74.39
68.61,68.61,48.23,82.80,74.97
78.61,78.61,54.97,87.35,73.62
80.76,80.76,50.52,85.38,72.38
79.29,79.29,45.91,86.59,73.86
77.80,77.80,42.75,86.42,74.86
76.44,76.44,44.23,86.12,73.88
74.52,74.52,41.39,84.21,76.98
79.15,79.15,41.80,85.15,71.20
80.99,80.99,36.54,85.53,71.35
80.66,80.66,37.55,81.59,75.16
77.75,77.75,41.50,72.67,76.54
75.61,75.61,44.77,60.40,75.78
72.84,72.84,48.86,52.89,74.95
69.08,69.08,65.06,56.98,72.81
71.26,71.26,64.89,55.33,74.74
70.80,70.80,64.64,56.37,74.05
70.77,70.77,62.59,33.66,76.22
70.65,70.65,58.61,48.58,75.73
69.64,69.64,57.14,57.32,72.70
71.03,71.03,56.14,51.65,75.09
79.93,79.93,56.42,47.39,73.35
83.09,83.09,55.63,36.20,70.43
82.00,82.00,53.96,37.35,72.87
80.88,80.88,56.30,45.75,71.93
79.61,79.61,53.16,50.34,76.09
79.16,79.16,50.68,58.97,76.00
79.62,79.62,50.99,66.03,73.91
77.26,77.26,53.20,68.61,76.38
77.79,77.79,51.94,58.42,74.82
76.28,76.28,46.58,47.18,73.80
77.71,77.71,47.71,64.47,75.59
78.47,78.47,55.90,67.38,72.62
76.28,76.28,62.05,67.73,72.75
67.65,67.65,61.21,60.64,71.06
70.97,70.97,81.55,51.36,73.74
74.87,74.87,85.72,51.40,72.42
78.14,78.14,80.71,48.07,72.32
78.09,78.09,74.13,54.94,72.94
79.01,79.01,79.90,53.40,72.12
79.85,79.85,81.52,46.03,72.71
78.75,78.75,82.76,59.88,70.43
76.90,76.90,79.72,61.45,69.93
85.18,85.18,81.11,59.43,69.71
81.20,81.20,81.77,66.27,67.49
79.64,79.64,82.58,69.21,65.92
76.78,76.78,84.39,73.33,65.72
78.62,78.62,80.62,71.39,66.55
74.86,74.86,80.61,74.16,64.25
76.21,76.21,76.76,73.22,68.82
77.09,77.09,76.86,74.81,67.22
75.82,75.82,72.52,62.74,66.03
80.06,80.06,62.10,51.77,71.72
83.01,83.01,62.36,45.74,69.03
80.62,80.62,66.43,39.94,66.25
78.72,78.72,74.10,41.78,65.55
79.47,79.47,80.23,33.76,67.63
79.73,79.73,85.55,27.79,68.00
77.95,77.95,80.05,21.94,63.42
75.46,75.46,81.06,27.09,64.25
78.01,78.01,75.04,26.83,72.55
78.36,78.36,83.68,22.98,74.78
79.21,79.21,83.24,12.47,74.37
80.55,80.55,84.41,20.22,68.98
81.35,81.35,82.81,29.70,70.50
77.28,77.28,83.85,33.90,73.79
65.65,65.65,82.51,33.44,76.92
74.30,74.30,81.80,29.01,76.56
76.33,76.33,78.40,29.85,71.87
78.15,78.15,78.52,34.05,73.61
72.58,72.58,75.50,29.36,72.46
78.39,78.39,74.47,33.29,74.47
79.11,79.11,79.36,36.46,76.39
77.26,77.26,66.50,36.78,75.12
76.91,76.91,64.54,31.91,71.86
76.09,76.09,67.84,31.31,74.59
73.87,73.87,79.52,24.71,75.92
73.64,73.64,81.09,26.01,71.22
73.07,73.07,66.79,28.72,72.07
75.84,75.84,63.75,35.91,75.49
75.87,75.87,57.14,33.71,73.64
76.69,76.69,51.93,43.84,74.33
73.84,73.84,50.31,47.41,79.98
81.20,81.20,47.85,43.91,73.42
80.69,80.69,49.02,45.20,74.02
80.24,80.24,50.88,38.28,71.74
74.25,74.25,50.69,45.37,76.41
73.77,73.77,53.10,32.37,75.10
71.53,71.53,52.43,31.41,81.29
70.05,70.05,48.48,32.05,78.38
69.37,69.37,47.24,37.79,73.04
67.15,67.15,46.47,47.67,80.28
66.71,66.71,42.70,42.84,79.31
67.22,67.22,42.02,32.23,74.59
73.30,73.30,44.29,37.15,74.35
75.36,75.36,50.62,36.85,73.34
75.00,75.00,67.29,51.55,70.84
81.09,81.09,71.28,51.29,72.70
82.82,82.82,69.91,43.55,74.11
81.89,81.89,67.27,45.14,70.47
80.21,80.21,63.32,49.32,75.00
82.41,82.41,58.89,45.92,73.30
82.14,82.14,54.91,43.31,69.23
81.80,81.80,51.41,42.74,76.47
81.24,81.24,53.36,41.81,70.86
79.54,79.54,66.14,42.00,70.76
80.68,80.68,72.46,33.20,72.98
80.92,80.92,83.90,29.62,72.01
81.10,81.10,83.78,27.28,71.84
76.33,76.33,79.05,30.62,66.31
77.73,77.73,78.78,39.52,66.87
76.51,76.51,74.08,49.34,73.39
76.27,76.27,64.79,48.64,71.66
69.29,69.29,57.87,42.83,71.07
70.75,70.75,59.37,40.05,75.89
63.84,63.84,68.81,34.38,76.45
62.95,62.95,73.17,39.88,76.57
57.16,57.16,84.64,40.69,73.46
52.47,52.47,84.71,34.29,74.95
52.26,52.26,78.96,34.85,75.75
53.39,53.39,79.29,49.37,75.09
55.91,55.91,81.68,59.29,74.89
59.80,59.80,83.57,61.75,74.82
58.16,58.16,81.75,54.73,73.32
53.09,53.09,85.10,44.87,75.81
55.15,55.15,80.73,45.60,76.87
59.84,59.84,81.29,46.79,74.79
61.14,61.14,85.45,48.67,74.33
64.29,64.29,82.22,49.61,75.08
68.80,68.80,81.08,52.84,75.48
74.11,74.11,74.89,54.29,75.42
69.23,69.23,75.20,50.72,73.39
72.92,72.92,76.60,41.74,75.90
81.78,81.78,74.00,37.50,73.82
79.37,79.37,73.05,37.34,72.42
77.16,77.16,68.20,28.77,73.39
75.02,75.02,67.26,25.82,71.23
75.66,75.66,71.12,29.96,71.57
75.35,75.35,83.51,32.94,73.82
73.89,73.89,85.53,19.06,73.61
71.20,71.20,79.25,38.15,69.84
63.97,63.97,78.26,52.68,71.61
63.85,63.85,80.75,58.45,73.19
68.30,68.30,73.92,56.84,72.57
80.55,80.55,77.78,52.70,71.41
80.41,80.41,79.32,57.09,70.66
81.92,81.92,79.94,60.74,72.29
79.93,79.93,78.57,57.95,74.02
79.93,79.93,77.84,61.68,72.37
78.60,78.60,82.22,62.90,75.73
75.76,75.76,79.64,63.27,74.31
76.68,76.68,81.39,65.95,75.63
74.75,74.75,67.42,51.28,74.73
79.79,79.79,58.54,31.82,74.67
82.05,82.05,60.73,42.25,71.00
81.84,81.84,60.20,32.87,72.44
78.74,78.74,60.89,24.38,73.53
77.90,77.90,68.17,35.57,70.83
77.27,77.27,78.27,49.39,75.58
77.48,77.48,77.14,61.97,72.33
74.13,74.13,68.92,63.50,70.39
72.17,72.17,64.05,69.28,69.97
75.99,75.99,60.21,86.75,71.40
81.39,81.39,56.69,87.89,71.22
82.10,82.10,55.82,86.88,76.13
75.74,75.74,49.57,86.71,72.90
74.44,74.44,42.68,85.03,74.62
66.95,66.95,46.33,86.40,74.38
68.70,68.70,48.29,86.38,74.30
67.12,67.12,48.77,85.99,75.55
73.08,73.08,46.39,86.55,74.20
72.53,72.53,50.21,85.30,71.00
79.69,79.69,57.05,85.09,70.25
84.91,84.91,54.26,86.63,69.77
80.42,80.42,49.53,83.18,72.54
76.69,76.69,46.06,74.24,77.19
70.12,70.12,45.54,60.49,76.54
69.78,69.78,49.78,50.36,72.97
70.89,70.89,57.66,52.83,76.58
73.57,73.57,61.97,57.76,75.66
75.79,75.79,61.41,50.14,78.53
77.16,77.16,60.27,44.73,74.46
78.67,78.67,58.80,49.91,73.63
79.18,79.18,55.78,37.53,75.60
76.52,76.52,51.01,43.79,74.86
78.37,78.37,53.42,35.52,74.50
75.49,75.49,65.74,32.22,73.37
73.33,73.33,71.58,32.32,72.16
80.59,80.59,75.06,23.58,70.60
81.94,81.94,83.30,6.21,74.08
82.06,82.06,84.42,4.29,72.50
80.61,80.61,78.44,1.60,72.08
79.19,79.19,77.32,4.58,68.08
79.41,79.41,72.27,4.88,70.22
80.60,80.60,70.82,9.41,69.84
80.55,80.55,69.67,4.77,72.82
82.47,82.47,72.74,4.88,68.48
80.06,80.06,72.69,13.21,73.00
79.55,79.55,68.84,18.87,73.96
77.76,77.76,73.16,22.56,73.05
76.53,76.53,85.71,16.63,74.58
77.96,77.96,81.21,6.46,66.38
74.75,74.75,79.38,11.09,66.24
73.48,73.48,75.97,13.95,68.59
75.51,75.51,72.85,19.60,71.31
76.16,76.16,69.87,31.67,70.55
77.92,77.92,62.61,29.00,71.13
79.72,79.72,68.38,19.83,72.78
82.73,82.73,66.76,11.25,71.65
80.67,80.67,66.34,13.60,73.30
78.49,78.49,63.03,13.91,73.34
77.12,77.12,59.93,16.17,71.57
75.64,75.64,58.79,18.69,71.65
78.64,78.64,58.74,20.60,73.72
80.22,80.22,58.21,22.98,69.50
83.13,83.13,52.93,20.02,74.52
81.14,81.14,47.88,28.93,74.02
78.67,78.67,56.55,31.51,73.87
69.99,69.99,67.04,27.47,74.06
67.60,67.60,71.02,12.88,72.78
68.52,68.52,75.29,13.95,70.02
67.22,67.22,86.37,9.30,74.47
73.51,73.51,80.19,1.06,71.92
74.30,74.30,76.24,-0.00,72.08
74.93,74.93,83.06,0.67,75.04
74.67,74.67,82.94,11.83,72.87
72.36,72.36,83.97,20.33,74.84
80.62,80.62,84.69,23.36,75.14
81.41,81.41,84.40,23.15,71.60
74.10,74.10,87.60,25.24,72.46
78.22,78.22,84.32,29.96,73.03
80.99,80.99,83.39,35.92,72.92
81.74,81.74,85.07,39.49,73.99
81.54,81.54,80.32,41.05,72.00
81.92,81.92,83.08,38.10,73.45
78.94,78.94,77.85,28.61,72.03
76.90,76.90,69.48,22.89,72.30
72.75,72.75,59.47,14.34,70.05
72.43,72.43,60.71,11.57,74.11
67.86,67.86,63.68,16.01,73.16
69.44,69.44,69.79,20.58,73.42
64.85,64.85,85.47,31.63,74.09
65.78,65.78,75.20,34.30,65.89
77.86,77.86,70.93,32.49,68.47
81.08,81.08,66.55,24.26,66.07
80.24,80.24,62.37,27.94,71.64
76.51,76.51,60.22,25.08,71.22
74.23,74.23,62.49,19.72,70.81
70.46,70.46,61.80,15.25,72.34
70.86,70.86,60.31,19.63,71.37
73.05,73.05,58.12,19.66,75.14
67.31,67.31,57.31,17.78,70.65
70.10,70.10,61.34,7.32,71.25
81.16,81.16,62.80,1.48,74.85
78.18,78.18,62.84,0.08,74.19
78.33,78.33,58.76,4.43,75.11
80.88,80.88,60.24,13.92,74.95
79.63,79.63,57.54,17.67,75.09
78.62,78.62,53.79,26.30,72.15
76.63,76.63,51.85,28.60,70.90
72.99,72.99,52.91,26.57,72.17
73.02,73.02,61.32,20.18,72.75
73.00,73.00,61.84,24.52,72.66
71.83,71.83,61.62,26.47,73.29
72.05,72.05,60.68,25.18,73.30
69.82,69.82,60.77,29.65,73.52
75.48,75.48,58.21,34.06,72.16
75.68,75.68,57.45,31.39,75.72
70.98,70.98,57.09,26.87,73.70
72.78,72.78,61.92,25.08,69.96
70.68,70.68,68.57,17.90,72.73
75.51,75.51,73.96,19.68,69.85
79.77,79.77,86.80,25.61,74.26
80.90,80.90,81.01,24.97,68.18
78.55,78.55,77.41,17.80,68.98
80.33,80.33,74.38,21.09,68.62
81.13,81.13,68.08,19.85,71.80
79.25,79.25,70.10,15.46,75.78
80.44,80.44,72.02,21.50,72.64
78.57,78.57,73.06,29.73,71.42
77.42,77.42,74.54,37.72,69.08
77.55,77.55,73.06,44.23,70.98
75.79,75.79,80.41,44.95,73.20
76.12,76.12,82.73,41.89,72.07
76.40,76.40,79.88,57.63,71.93
77.12,77.12,76.90,64.31,72.74
77.64,77.64,69.52,72.35,69.97
80.12,80.12,75.14,73.87,72.23
78.05,78.05,77.16,71.97,72.92
77.24,77.24,74.55,76.02,73.75
75.71,75.71,75.12,76.19,72.57
74.17,74.17,73.73,76.62,72.81
68.82,68.82,72.89,75.40,73.33
69.72,69.72,77.72,78.53,73.18
67.34,67.34,76.52,77.34,74.45
69.69,69.69,77.81,79.92,74.88
64.69,64.69,76.57,78.84,74.47
67.13,67.13,72.13,76.17,73.21
65.76,65.76,73.30,77.35,73.54
70.06,70.06,64.93,64.01,73.01
65.68,65.68,66.91,49.81,73.34
59.34,59.34,72.17,45.29,71.48
57.42,57.42,75.36,28.64,70.18
48.46,48.46,86.22,19.81,76.16
45.26,45.26,83.33,28.89,73.74
49.45,49.45,80.14,44.96,67.14
59.68,59.68,74.52,50.87,66.50
63.78,63.78,77.81,53.55,70.92
71.58,71.58,83.69,55.67,73.83
76.02,76.02,84.57,55.93,76.46
81.18,81.18,83.57,54.51,73.91
80.47,80.47,87.52,50.75,72.44
80.97,80.97,83.68,46.30,71.90
79.66,79.66,85.03,43.63,72.36
78.02,78.02,83.77,35.45,75.31
78.66,78.66,81.17,36.86,75.02
79.29,79.29,81.13,36.69,73.51
79.97,79.97,77.65,30.94,73.91
79.45,79.45,79.39,37.98,74.19
81.49,81.49,75.00,45.94,71.73
82.96,82.96,63.22,42.36,70.12
81.80,81.80,60.09,38.79,68.61
80.77,80.77,66.22,48.90,71.66
79.82,79.82,82.34,58.31,78.76
78.45,78.45,71.37,62.01,71.55
78.98,78.98,66.21,71.19,71.34
80.20,80.20,63.85,85.60,71.42
79.62,79.62,63.37,86.80,71.09
82.45,82.45,60.60,86.70,67.30
80.10,80.10,56.71,85.97,62.71
79.41,79.41,55.01,84.95,62.00
81.70,81.70,54.70,86.08,62.89
81.91,81.91,56.76,86.08,66.02
81.65,81.65,56.32,86.16,62.77
78.32,78.32,60.45,85.92,65.80
78.84,78.84,58.87,85.71,70.27
78.09,78.09,55.93,85.05,69.43
79.87,79.87,53.67,86.36,68.37
81.89,81.89,52.62,83.05,64.97
79.49,79.49,52.37,71.85,70.30
80.16,80.16,54.41,52.33,70.08
80.35,80.35,60.19,60.81,68.34
81.17,81.17,66.02,53.54,75.72
79.39,79.39,72.51,59.31,75.20
78.29,78.29,72.64,52.35,74.85
78.57,78.57,72.03,43.27,72.51
76.88,76.88,69.05,45.61,71.67
77.05,77.05,64.64,49.83,70.95
75.03,75.03,61.69,40.76,70.89
77.12,77.12,59.16,47.53,69.54
77.70,77.70,55.91,38.11,68.45
78.08,78.08,58.17,30.59,63.16
79.81,79.81,66.06,34.01,62.37
80.17,80.17,70.39,25.20,59.84
81.29,81.29,86.47,9.56,66.05
81.90,81.90,85.26,13.87,67.87
81.96,81.96,76.96,17.97,59.17
82.60,82.60,79.37,22.28,59.23
81.83,81.83,74.63,27.37,59.92
80.97,80.97,62.47,25.15,57.66
80.75,80.75,71.81,25.07,61.81
78.59,78.59,77.04,24.23,61.54
81.30,81.30,76.31,32.96,63.93
80.93,80.93,68.94,36.82,70.91
74.19,74.19,80.75,37.71,70.60
75.14,75.14,85.92,22.35,72.39
78.35,78.35,81.54,10.18,67.31
79.99,79.99,79.29,11.05,66.48
80.40,80.40,70.80,21.94,66.38
80.50,80.50,72.28,17.82,70.02
77.84,77.84,65.24,24.76,70.20
74.36,74.36,64.47,22.99,71.06
73.74,73.74,67.67,13.52,72.87
73.33,73.33,66.67,17.97,70.55
74.18,74.18,65.47,15.87,72.03
75.66,75.66,64.81,20.65,71.21
75.50,75.50,58.03,18.61,70.91
72.42,72.42,60.75,21.21,68.23
79.45,79.45,64.33,26.59,68.17
80.73,80.73,59.45,24.12,65.13
77.08,77.08,61.59,21.81,63.15
75.61,75.61,56.23,17.89,65.39
72.04,72.04,59.38,16.96,64.98
68.37,68.37,67.66,29.28,63.14
72.51,72.51,70.30,34.55,63.27
71.64,71.64,86.32,30.55,71.73
74.79,74.79,85.04,22.66,71.29
80.23,80.23,82.39,23.34,60.30
79.55,79.55,79.78,26.71,61.00
80.58,80.58,80.85,31.54,59.20
78.41,78.41,79.59,40.52,65.54
75.97,75.97,81.48,39.86,73.73
70.33,70.33,76.20,34.35,75.89
69.04,69.04,80.35,40.71,75.35
72.58,72.58,80.70,42.50,76.00
75.96,75.96,80.88,44.22,76.06
77.27,77.27,83.47,51.00,75.11
73.32,73.32,82.01,46.12,75.62
78.41,78.41,85.23,46.65,75.04
80.18,80.18,82.30,46.58,74.99
79.93,79.93,81.00,40.27,74.87
78.92,78.92,65.68,32.66,73.54
77.23,77.23,50.86,29.80,71.57
77.88,77.88,62.95,25.32,69.99
77.27,77.27,68.14,27.72,67.11
75.31,75.31,82.12,19.21,72.04
75.72,75.72,78.33,8.83,65.79
75.48,75.48,67.76,13.58,70.96
75.72,75.72,68.40,13.49,72.31
75.09,75.09,65.22,17.89,73.86
76.27,76.27,65.00,26.86,75.37
75.62,75.62,64.18,34.91,73.94
76.29,76.29,60.90,40.62,71.00
76.14,76.14,53.02,36.93,69.41
84.24,84.24,50.29,31.47,67.35
83.58,83.58,50.28,33.56,62.90
81.86,81.86,50.10,33.02,63.92
81.01,81.01,49.44,33.86,66.45
82.30,82.30,48.42,31.08,66.72
79.49,79.49,46.03,26.51,68.02
80.89,80.89,43.36,30.32,67.09
80.60,80.60,49.06,24.24,67.53
80.52,80.52,48.08,23.39,64.83
80.15,80.15,55.41,21.79,64.22
80.29,80.29,61.70,18.37,64.30
80.52,80.52,73.81,25.78,67.96
81.41,81.41,73.13,30.70,65.82
79.75,79.75,71.49,32.26,65.60
78.47,78.47,69.79,32.04,66.47
78.51,78.51,65.79,31.97,67.46
77.22,77.22,59.30,26.67,67.70
76.49,76.49,56.43,26.35,66.68
74.80,74.80,53.34,26.87,66.53
66.49,66.49,54.54,18.97,65.16
62.67,62.67,61.79,17.79,69.58
62.05,62.05,70.32,6.19,68.70
56.75,56.75,86.04,0.01,71.89
57.12,57.12,86.05,-0.00,73.37
61.94,61.94,77.78,0.65,62.45
62.93,62.93,78.71,11.22,63.24
63.09,63.09,73.29,18.70,59.95
62.90,62.90,63.83,17.69,65.58
62.32,62.32,69.80,17.84,65.05
62.02,62.02,75.03,10.91,67.57
60.63,60.63,74.82,8.42,64.60
70.51,70.51,74.30,9.94,69.75
62.12,62.12,79.06,9.52,69.35
61.09,61.09,89.00,13.07,71.88
67.13,67.13,78.82,28.33,69.72
69.28,69.28,74.24,40.89,68.44
75.97,75.97,72.53,47.77,69.94
80.21,80.21,73.06,49.76,70.37
77.52,77.52,78.90,57.90,70.36
73.25,73.25,72.75,52.45,72.57
73.81,73.81,78.07,57.25,71.90
73.17,73.17,83.54,63.81,71.10
71.77,71.77,79.26,60.44,70.04
69.19,69.19,83.23,64.03,68.95
71.20,71.20,81.23,64.00,71.87
79.84,79.84,82.34,63.49,71.89
81.18,81.18,85.92,62.06,68.52
81.91,81.91,81.61,49.40,69.38
82.02,82.02,66.80,45.57,68.70
81.90,81.90,55.83,38.40,74.92
80.85,80.85,58.42,40.05,75.21
77.43,77.43,65.44,40.58,76.03
77.80,77.80,70.88,40.81,74.65
76.14,76.14,76.83,35.89,69.38
77.87,77.87,85.52,23.66,70.93
79.77,79.77,83.21,22.83,67.54
77.20,77.20,80.32,37.28,64.36
76.26,76.26,79.14,45.83,67.72
75.91,75.91,82.19,44.95,69.13
77.84,77.84,84.21,38.98,72.55
77.92,77.92,82.90,45.23,74.62
77.44,77.44,84.74,46.59,75.38
77.81,77.81,84.77,49.25,74.16
76.79,76.79,84.17,50.31,76.45
77.02,77.02,84.34,50.26,72.74
76.27,76.27,79.21,44.87,70.58
75.11,75.11,81.04,44.58,68.82
78.95,78.95,82.39,46.28,67.93
80.92,80.92,74.62,41.12,71.01
80.88,80.88,70.34,36.58,72.07
80.38,80.38,60.14,36.82,73.57
81.94,81.94,61.30,37.87,71.35
80.27,80.27,70.36,47.15,74.75
77.57,77.57,72.51,66.50,78.59
76.26,76.26,84.90,65.01,75.11
76.26,76.26,71.36,69.64,64.11
72.39,72.39,67.69,84.45,64.50
71.68,71.68,64.04,87.81,65.91
67.57,67.57,62.49,85.71,68.56
68.29,68.29,59.98,86.94,71.13
72.47,72.47,54.12,86.18,74.81
70.78,70.78,51.86,86.30,71.62
76.19,76.19,52.25,86.02,75.53
81.20,81.20,45.36,85.25,79.91
83.05,83.05,46.49,85.83,77.32
82.56,82.56,48.35,85.90,77.15
81.14,81.14,45.09,86.33,76.32
80.81,80.81,44.79,85.93,74.70
80.00,80.00,44.98,83.12,75.66
80.68,80.68,46.07,77.65,77.87
80.39,80.39,45.02,61.36,74.76
75.81,75.81,46.40,58.50,71.19
74.29,74.29,53.00,53.82,77.18
79.55,79.55,65.50,45.93,75.67
79.55,79.55,75.47,39.46,75.46
79.96,79.96,74.31,42.92,68.26
79.44,79.44,72.32,44.81,75.16
79.96,79.96,68.71,46.35,72.02
78.70,78.70,64.21,46.64,71.02
79.05,79.05,59.54,44.54,76.61
80.24,80.24,56.26,38.42,74.17
77.76,77.76,56.36,41.52,66.81
74.80,74.80,62.01,44.19,71.82
72.34,72.34,70.87,39.56,72.31
67.49,67.49,77.74,41.64,73.93
61.97,61.97,79.86,46.79,72.80
60.30,60.30,79.89,53.60,70.88
61.86,61.86,75.29,55.89,72.00
62.62,62.62,74.87,53.14,72.73
61.59,61.59,65.79,51.07,74.14
65.10,65.10,72.06,51.98,76.97
63.39,63.39,77.10,66.68,79.49
64.78,64.78,79.70,77.24,74.62
63.18,63.18,83.41,81.36,76.58
65.59,65.59,82.28,81.34,74.70
56.88,56.88,85.06,75.85,73.70
55.29,55.29,81.91,82.80,71.31
56.79,56.79,74.79,83.00,69.45
60.66,60.66,72.93,78.99,69.52
62.69,62.69,77.18,82.58,68.92
68.41,68.41,73.12,78.91,72.75
71.56,71.56,78.26,81.51,68.07
76.69,76.69,79.92,82.17,71.23
75.50,75.50,75.78,78.37,68.65
74.04,74.04,75.85,79.76,72.46
77.62,77.62,78.14,79.51,71.84
83.14,83.14,74.54,76.01,72.54
78.38,78.38,80.12,79.90,69.19
72.46,72.46,77.10,78.67,72.46
72.65,72.65,73.89,67.30,71.81
72.21,72.21,64.30,46.39,72.67
74.97,74.97,59.65,35.24,74.58
75.94,75.94,54.21,45.44,73.48
75.02,75.02,60.47,52.88,69.33
75.65,75.65,69.75,57.53,72.34
79.77,79.77,78.46,60.35,70.14
76.21,76.21,84.75,56.71,74.47
71.50,71.50,85.49,54.99,72.73
73.51,73.51,80.83,61.35,71.62
74.52,74.52,81.18,67.16,71.33
74.53,74.53,87.43,73.73,73.81
73.93,73.93,85.18,77.76,74.39
75.45,75.45,83.28,78.86,75.23
76.94,76.94,77.12,80.48,73.26
75.05,75.05,76.64,81.65,76.86
71.37,71.37,83.90,81.64,79.92
70.51,70.51,83.67,82.20,79.14
77.65,77.65,74.06,81.89,78.56
80.98,80.98,75.95,81.24,78.39
79.07,79.07,81.83,81.32,71.30
80.36,80.36,73.59,80.96,74.94
80.90,80.90,74.34,81.09,78.47
82.20,82.20,76.02,80.48,76.47
79.73,79.73,71.11,76.35,80.03
77.05,77.05,68.40,67.70,78.01
77.18,77.18,72.44,56.17,77.68
75.09,75.09,85.03,45.42,77.65
72.60,72.60,75.23,35.21,72.21
72.80,72.80,68.95,39.83,73.27
72.99,72.99,63.53,41.52,72.67
74.79,74.79,56.23,42.02,74.30
77.42,77.42,54.79,44.70,76.89
77.40,77.40,50.59,43.19,81.13
76.99,76.99,47.20,34.13,77.98
78.70,78.70,48.07,38.38,77.47
81.47,81.47,46.77,44.11,79.58
80.38,80.38,45.69,43.82,78.62
81.38,81.38,47.95,53.82,77.55
81.05,81.05,45.80,49.76,78.52
79.07,79.07,43.97,41.04,77.33
78.83,78.83,38.19,42.95,77.27
77.45,77.45,32.51,36.82,78.75
77.27,77.27,32.59,43.13,80.69
80.29,80.29,40.38,49.33,79.55
79.02,79.02,50.99,52.93,78.10
80.02,80.02,56.48,52.23,83.21
78.34,78.34,69.40,41.45,80.59
79.59,79.59,71.74,42.51,80.46
80.11,80.11,69.32,31.49,76.01
77.93,77.93,65.63,39.09,76.70
79.09,79.09,59.68,37.85,78.26
77.99,77.99,53.48,38.45,76.09
80.37,80.37,47.60,40.73,77.52
80.23,80.23,48.12,40.66,80.96
77.82,77.82,55.54,36.26,81.84
78.41,78.41,65.81,33.13,76.91
75.75,75.75,78.42,18.34,74.28
69.68,69.68,86.94,17.18,78.18
71.15,71.15,80.62,8.06,73.30
75.51,75.51,76.11,1.72,66.85
75.60,75.60,78.57,13.06,71.09
77.66,77.66,66.89,22.92,77.13
77.97,77.97,64.47,24.21,80.67
79.72,79.72,71.97,17.90,81.31
80.73,80.73,65.49,3.29,78.25
81.18,81.18,76.54,4.72,78.90
78.03,78.03,78.17,1.52,74.57
74.42,74.42,78.94,4.87,73.19
69.75,69.75,82.58,7.06,72.81
67.82,67.82,79.73,28.93,74.43
74.52,74.52,79.31,39.57,76.02
76.01,76.01,78.88,43.49,77.61
79.21,79.21,82.43,40.00,79.32
80.65,80.65,82.65,44.14,80.24
80.85,80.85,77.99,44.83,77.62
80.57,80.57,77.28,43.78,76.55
78.18,78.18,80.44,39.20,76.40
75.80,75.80,80.52,45.99,76.16
73.48,73.48,81.25,53.34,76.79
74.08,74.08,76.99,47.99,74.28
77.52,77.52,67.14,55.84,79.99
80.34,80.34,76.33,54.57,77.73
80.47,80.47,71.12,44.00,75.07
81.20,81.20,67.15,46.17,76.20
78.80,78.80,57.96,42.65,72.76
72.27,72.27,55.27,46.93,77.44
73.26,73.26,70.39,50.54,74.30
72.63,72.63,71.91,38.66,75.14
76.26,76.26,79.24,29.36,74.15
80.60,80.60,85.31,23.73,75.56
79.01,79.01,76.79,29.76,68.67
78.19,78.19,79.75,27.62,70.89
74.23,74.23,84.00,25.86,71.57
68.64,68.64,81.39,22.83,71.62
61.16,61.16,73.39,22.00,72.43
61.94,61.94,78.46,22.29,74.14
59.76,59.76,83.58,19.95,76.69
68.13,68.13,80.01,17.48,76.96
68.04,68.04,84.85,10.76,79.10
72.17,72.17,83.54,16.97,77.77
70.47,70.47,83.86,23.45,70.86
70.21,70.21,81.47,27.08,67.86
79.87,79.87,71.55,24.24,75.96
80.00,80.00,60.53,12.96,72.39
77.35,77.35,54.82,18.29,68.98
78.72,78.72,51.94,16.33,69.94
78.20,78.20,45.19,13.91,68.22
78.20,78.20,44.88,12.39,69.51
77.44,77.44,43.48,24.33,73.38
78.00,78.00,42.44,29.10,73.81
80.27,80.27,47.05,27.40,72.00
79.47,79.47,49.14,32.19,74.65
77.17,77.17,50.53,40.24,72.04
72.01,72.01,47.71,39.22,68.19
72.05,72.05,47.02,39.56,67.77
72.02,72.02,46.97,32.43,68.55
71.35,71.35,46.17,29.71,68.00
69.86,69.86,44.55,19.50,67.09
68.38,68.38,39.87,13.95,71.61
68.31,68.31,37.83,14.42,68.66
69.27,69.27,40.07,26.11,64.42
68.89,68.89,37.56,22.97,63.47
67.06,67.06,36.82,18.94,65.93
66.41,66.41,36.58,24.99,69.32
78.22,78.22,30.19,23.37,66.17
79.89,79.89,32.31,25.35,67.08
81.59,81.59,31.64,27.73,66.32
82.34,82.34,33.63,25.75,65.88
81.55,81.55,35.31,25.10,63.52
81.34,81.34,37.33,16.16,58.34
81.51,81.51,39.80,25.91,55.94
82.03,82.03,41.20,22.57,48.74
82.01,82.01,43.10,25.27,35.49
81.11,81.11,44.61,20.44,35.61
80.39,80.39,42.71,9.21,34.28
81.33,81.33,41.09,15.51,31.51
81.65,81.65,39.21,15.31,31.38
81.81,81.81,36.88,14.00,34.14
80.45,80.45,33.80,9.55,36.34
80.71,80.71,32.92,15.00,42.83
76.62,76.62,31.81,13.79,47.95
67.91,67.91,38.16,15.19,56.04
56.20,56.20,35.50,11.77,50.34
53.08,53.08,43.56,17.23,39.07
59.50,59.50,51.99,23.02,34.80
54.20,54.20,48.24,24.96,30.82
53.82,53.82,46.99,23.37,30.70
53.63,53.63,44.89,18.14,29.16
56.20,56.20,44.80,26.49,31.77
49.26,49.26,40.25,29.10,31.56
44.32,44.32,50.42,41.32,27.82
38.35,38.35,48.71,40.11,26.22
36.22,36.22,41.45,31.36,24.20
36.28,36.28,31.22,16.31,29.85
50.99,50.99,40.59,22.62,33.05
73.16,73.16,47.87,41.79,47.03
83.46,83.46,42.42,37.89,46.28
83.70,83.70,40.26,34.41,44.11
83.47,83.47,33.41,22.17,33.93
82.32,82.32,33.41,25.76,31.40
79.67,79.67,32.03,23.97,38.49
75.21,75.21,27.98,22.00,36.55
70.79,70.79,33.06,28.43,43.14
62.15,62.15,37.90,29.61,49.48
72.52,72.52,46.44,29.31,48.14
73.51,73.51,45.24,33.78,49.32
68.52,68.52,49.42,35.48,52.63
82.24,82.24,46.91,32.16,55.00
83.45,83.45,47.69,29.42,49.73
82.15,82.15,43.76,36.61,42.18
78.55,78.55,33.02,18.50,36.83
77.68,77.68,27.33,19.94,34.72
75.89,75.89,27.37,18.68,31.77
73.72,73.72,27.70,21.60,34.47
64.96,64.96,39.61,26.88,34.76
65.34,65.34,32.33,20.70,36.56
71.78,71.78,30.30,28.13,40.60
78.81,78.81,38.67,37.44,44.19
80.72,80.72,36.81,21.35,40.18
74.89,74.89,34.78,22.92,44.40
73.23,73.23,34.21,17.96,38.54
73.52,73.52,28.20,20.90,41.72
75.97,75.97,35.45,33.61,50.25
80.51,80.51,45.81,39.02,55.58
76.73,76.73,48.66,36.20,52.05
79.88,79.88,39.95,27.40,48.98
76.38,76.38,34.92,23.05,47.86
75.26,75.26,31.85,18.61,47.18
72.59,72.59,40.75,30.04,48.10
76.20,76.20,35.07,23.02,49.53
78.70,78.70,37.32,18.67,48.13
79.85,79.85,32.97,20.27,45.98
79.40,79.40,30.75,13.56,45.94
78.59,78.59,32.99,20.43,48.28
75.44,75.44,32.31,18.02,55.71
77.20,77.20,36.34,21.87,55.32
77.78,77.78,35.95,18.68,59.17
78.37,78.37,35.73,18.75,57.86
80.08,80.08,31.49,14.16,52.17
79.74,79.74,31.89,29.68,52.74
81.99,81.99,28.48,27.42,45.87
80.34,80.34,27.11,16.98,42.07
80.49,80.49,31.06,21.12,39.50
81.34,81.34,32.68,16.31,38.68
81.25,81.25,32.50,16.25,43.98
80.97,80.97,35.50,19.61,45.48
80.52,80.52,35.92,14.44,43.76
80.91,80.91,35.63,20.78,44.34
80.05,80.05,37.11,21.85,46.38
79.96,79.96,36.19,16.27,45.14
79.41,79.41,37.47,24.72,44.57
78.59,78.59,39.09,24.12,50.67
77.28,77.28,43.07,33.45,56.84
77.03,77.03,39.86,32.22,53.76
76.36,76.36,35.33,21.02,49.20
75.27,75.27,29.41,20.93,51.69
77.88,77.88,35.76,17.86,52.79
78.92,78.92,30.23,14.30,54.73
80.68,80.68,33.91,24.25,54.64
80.82,80.82,34.15,19.66,49.88
80.75,80.75,37.37,20.27,53.24
79.77,79.77,36.36,17.74,49.27
81.94,81.94,35.96,11.07,51.20
81.83,81.83,37.34,13.39,49.46
81.72,81.72,37.63,17.87,46.68
81.69,81.69,36.35,17.00,44.06
79.79,79.79,33.54,18.27,44.76
75.87,75.87,34.01,22.63,49.40
73.96,73.96,45.49,27.72,58.12
69.38,69.38,57.78,23.86,69.89
67.93,67.93,70.19,35.64,75.62
63.92,63.92,79.37,32.51,73.29
54.94,54.94,84.65,21.21,74.32
58.00,58.00,81.42,11.16,73.82
55.54,55.54,78.68,22.33,74.65
60.95,60.95,65.78,31.18,75.76
65.82,65.82,67.68,33.15,74.75
65.31,65.31,58.82,28.59,74.79
57.27,57.27,50.94,28.84,76.16
56.98,56.98,59.58,27.75,77.40
57.97,57.97,62.19,32.36,78.66
69.37,69.37,55.58,29.85,77.73
74.71,74.71,55.62,28.99,77.99
75.75,75.75,42.72,29.67,78.48
76.56,76.56,45.96,33.17,79.73
76.05,76.05,45.45,35.93,76.75
74.85,74.85,41.14,33.71,73.89
79.84,79.84,48.43,35.31,75.70
81.49,81.49,47.35,41.41,72.09
81.21,81.21,57.17,41.26,74.91
79.78,79.78,67.30,40.67,72.83
78.11,78.11,72.45,35.62,67.82
72.93,72.93,82.07,25.67,70.05
67.74,67.74,86.37,24.61,72.54
69.76,69.76,81.10,38.91,71.30
72.30,72.30,79.02,43.94,70.32
70.02,70.02,72.87,43.67,76.16
62.20,62.20,77.27,35.92,77.40
66.19,66.19,77.41,25.61,73.58
76.89,76.89,80.18,24.58,74.54
74.72,74.72,80.82,29.91,73.23
78.07,78.07,83.98,32.37,72.99
81.27,81.27,80.32,32.88,71.25
81.28,81.28,81.43,33.71,75.69
80.37,80.37,81.66,32.16,72.84
80.26,80.26,79.70,25.07,74.98
81.37,81.37,74.63,21.66,74.44
81.25,81.25,62.01,27.96,74.73
77.98,77.98,54.75,26.85,75.71
78.76,78.76,51.41,21.63,73.63
79.26,79.26,61.43,26.76,72.95
78.67,78.67,65.86,43.76,69.51
79.34,79.34,72.17,58.66,69.75
78.36,78.36,82.98,58.79,71.50
74.76,74.76,66.29,65.68,65.63
74.23,74.23,64.62,85.10,69.35
78.15,78.15,57.40,87.37,71.02
81.20,81.20,52.60,87.03,71.50
80.68,80.68,47.93,86.42,77.72
76.88,76.88,44.47,86.30,72.32
71.39,71.39,46.32,84.92,73.20
72.55,72.55,45.70,86.12,75.24
74.32,74.32,45.60,86.77,76.01
74.44,74.44,45.43,86.60,76.53
79.55,79.55,43.13,86.85,75.23
81.78,81.78,42.41,85.52,73.22
81.74,81.74,42.79,84.30,75.56
81.59,81.59,42.94,83.86,74.35
81.32,81.32,42.12,74.20,75.14
80.03,80.03,43.79,65.80,78.58
79.25,79.25,47.03,54.31,74.00
81.15,81.15,54.40,57.49,74.76
81.08,81.08,63.65,62.32,75.76
80.85,80.85,71.38,54.14,72.85
80.69,80.69,70.39,53.44,75.72
78.85,78.85,69.15,49.96,74.02
76.27,76.27,65.66,42.37,69.01
76.29,76.29,61.74,48.49,75.41
72.91,72.91,58.10,48.97,73.19
68.89,68.89,52.84,40.51,74.48
66.71,66.71,57.00,41.47,76.11
61.35,61.35,62.81,31.33,73.40
58.41,58.41,62.97,26.86,70.66
58.89,58.89,80.10,29.20,73.62
63.65,63.65,87.57,21.55,75.21
65.82,65.82,78.30,23.38,71.80
68.57,68.57,77.20,32.19,68.97
77.29,77.29,74.18,38.43,70.64
80.37,80.37,68.82,42.23,70.66
82.26,82.26,59.35,39.12,72.15
80.73,80.73,66.72,31.11,68.80
80.38,80.38,63.47,39.77,73.06
75.66,75.66,64.96,37.40,71.91
71.83,71.83,67.71,21.90,69.96
66.96,66.96,86.00,19.75,76.92
65.23,65.23,82.84,11.84,75.10
75.19,75.19,79.04,14.15,70.45
73.93,73.93,76.65,13.70,72.84
75.36,75.36,81.38,22.27,75.41
75.67,75.67,76.78,30.85,76.11
75.64,75.64,79.02,36.00,73.39
74.62,74.62,80.65,45.39,73.51
77.84,77.84,81.15,43.21,73.91
79.71,79.71,84.04,37.35,74.29
81.27,81.27,79.46,41.32,76.44
79.72,79.72,83.00,38.51,72.22
76.68,76.68,78.42,35.72,73.36
75.94,75.94,70.56,35.07,76.24
80.01,80.01,70.68,29.76,74.26
79.56,79.56,63.60,30.70,77.00
66.79,66.79,52.22,28.54,71.56
71.77,71.77,51.80,33.09,75.31
73.19,73.19,56.87,36.00,73.78
74.59,74.59,70.94,33.78,73.89
76.13,76.13,73.24,35.42,69.80
74.76,74.76,83.43,28.76,76.55
72.02,72.02,80.60,26.49,75.29
79.92,79.92,77.25,27.81,70.69
79.55,79.55,71.55,37.20,71.95
78.84,78.84,81.64,49.39,71.19
78.99,78.99,80.81,53.70,75.18
80.88,80.88,83.70,52.45,74.42
80.62,80.62,81.89,54.70,72.25
78.92,78.92,83.52,55.02,72.57
77.38,77.38,86.38,50.39,73.37
77.11,77.11,83.02,52.81,70.65
78.73,78.73,84.58,51.55,76.05
75.96,75.96,81.98,51.91,73.07
76.77,76.77,79.58,42.69,72.82
75.85,75.85,80.55,50.45,72.70
77.91,77.91,69.92,48.32,73.56
81.39,81.39,61.21,37.75,70.46
80.82,80.82,57.27,40.72,69.75
78.97,78.97,63.54,41.66,69.08
79.66,79.66,67.67,38.65,68.63
74.91,74.91,84.70,42.48,71.35
75.96,75.96,76.04,42.41,65.87
79.45,79.45,68.78,33.95,65.78
81.59,81.59,66.43,41.77,68.38
81.41,81.41,61.16,42.20,71.73
81.06,81.06,59.09,33.47,71.95
81.04,81.04,59.35,35.30,72.89
79.38,79.38,59.16,42.62,71.90
79.24,79.24,58.28,38.47,73.45
80.55,80.55,57.18,37.73,74.29
81.68,81.68,57.45,38.52,70.07
81.00,81.00,60.35,41.83,71.24
80.31,80.31,57.01,39.59,72.58
79.93,79.93,57.20,41.66,74.59
77.68,77.68,52.14,36.24,74.55
76.33,76.33,51.13,34.17,69.68
76.93,76.93,50.50,45.90,74.53
72.62,72.62,44.58,37.37,73.24
76.31,76.31,47.83,32.15,73.99
77.00,77.00,47.89,32.78,75.27
78.46,78.46,42.44,38.95,73.85
78.59,78.59,46.25,43.14,75.74
77.26,77.26,48.86,39.12,75.29
75.26,75.26,43.22,41.09,73.03
71.91,71.91,42.41,40.53,72.91
76.50,76.50,45.74,36.47,72.87
82.00,82.00,48.30,35.35,72.82
80.55,80.55,52.54,38.93,73.78
80.39,80.39,59.30,44.49,68.72
81.86,81.86,66.85,32.51,68.82
82.10,82.10,71.27,18.46,70.37
81.20,81.20,84.67,16.57,74.94
80.92,80.92,83.53,13.90,76.01
79.05,79.05,77.45,21.67,67.76
78.34,78.34,79.07,24.06,68.86
79.20,79.20,75.88,21.60,70.95
80.14,80.14,67.78,15.09,72.88
80.39,80.39,67.97,24.86,74.15
80.92,80.92,67.04,25.72,71.27
82.00,82.00,70.00,33.09,71.22
78.01,78.01,73.08,30.87,70.84
68.57,68.57,78.16,28.41,72.68
62.45,62.45,82.77,38.79,76.85
62.36,62.36,81.69,47.41,77.24
63.03,63.03,78.91,55.25,74.08
66.62,66.62,79.34,58.28,72.05
71.53,71.53,77.22,56.02,73.12
79.46,79.46,83.22,55.08,76.77
81.34,81.34,81.19,52.57,76.60
79.88,79.88,83.27,59.76,76.85
77.40,77.40,82.67,59.01,76.07
78.55,78.55,86.48,54.81,74.01
78.77,78.77,82.44,62.97,74.92
77.55,77.55,83.62,68.35,73.80
77.28,77.28,82.57,69.67,76.77
75.88,75.88,79.33,63.30,77.73
72.55,72.55,81.03,59.31,75.88
75.81,75.81,74.70,65.95,78.21
74.93,74.93,70.07,53.13,77.01
74.13,74.13,57.10,60.26,78.25
73.89,73.89,59.96,61.53,77.40
71.79,71.79,70.14,57.14,77.20
69.06,69.06,77.50,54.86,74.57
63.24,63.24,85.57,47.51,80.19
65.91,65.91,76.98,55.99,74.18
68.89,68.89,78.74,55.16,74.82
74.55,74.55,79.69,52.03,73.95
79.91,79.91,71.39,55.92,70.27
82.05,82.05,62.27,55.67,70.67
82.55,82.55,69.43,55.91,73.33
79.70,79.70,65.13,56.76,72.26
79.32,79.32,66.35,55.66,73.35
80.20,80.20,62.13,60.94,73.15
79.23,79.23,54.75,61.02,73.99
75.21,75.21,57.41,62.78,72.28
74.85,74.85,59.06,57.49,72.94
73.44,73.44,51.19,54.56,76.06
74.52,74.52,47.14,44.17,77.24
74.58,74.58,42.14,37.36,79.31
76.26,76.26,40.49,29.43,78.93
73.50,73.50,48.58,41.12,73.59
66.94,66.94,62.79,51.61,73.42
79.10,79.10,75.78,55.96,71.67
75.86,75.86,83.91,55.79,68.30
79.50,79.50,67.80,63.05,66.40
79.56,79.56,66.81,71.50,64.31
80.40,80.40,58.93,87.49,67.07
79.25,79.25,55.66,87.51,67.49
74.39,74.39,51.06,85.47,66.77
71.23,71.23,46.40,86.83,69.43
70.03,70.03,42.22,87.03,68.63
68.20,68.20,45.79,86.68,71.29
69.97,69.97,49.41,86.45,68.96
70.19,70.19,45.56,86.15,69.14
70.46,70.46,42.67,85.85,67.19
72.74,72.74,41.69,86.60,70.47
68.92,68.92,44.78,86.36,67.71
66.59,66.59,49.28,87.27,71.99
68.08,68.08,47.59,81.94,78.20
61.98,61.98,39.20,67.95,78.64
57.68,57.68,36.80,57.53,77.19
60.18,60.18,40.34,47.69,76.46
67.57,67.57,51.84,58.33,74.79
76.32,76.32,63.99,63.09,73.38
82.82,82.82,64.56,53.39,71.56
83.24,83.24,64.07,42.49,72.45
81.65,81.65,61.04,50.89,73.84
81.35,81.35,56.17,47.91,74.81
80.80,80.80,52.21,53.75,73.20
74.03,74.03,48.62,52.50,73.48
70.79,70.79,55.86,52.30,72.68
66.47,66.47,64.98,38.03,71.18
61.16,61.16,70.97,27.59,70.20
68.02,68.02,80.38,25.40,72.09
70.65,70.65,80.98,16.33,73.47
78.74,78.74,81.97,33.88,70.83
83.66,83.66,79.18,38.43,70.87
82.18,82.18,75.43,41.28,73.91
74.36,74.36,63.40,37.77,70.26
73.01,73.01,57.78,39.79,72.07
76.10,76.10,69.51,38.53,72.75
78.59,78.59,64.55,35.45,66.16
77.34,77.34,70.64,31.69,66.42
74.87,74.87,71.40,36.28,64.76
71.72,71.72,87.58,42.13,76.22
81.24,81.24,81.96,43.98,74.09
79.45,79.45,80.01,47.27,64.91
78.79,78.79,78.90,47.78,66.33
78.66,78.66,82.46,40.71,70.10
75.38,75.38,84.99,38.09,73.72
75.83,75.83,82.32,46.23,75.21
75.91,75.91,85.25,50.89,75.60
76.02,76.02,79.07,46.16,72.92
76.87,76.87,81.44,33.09,71.89
76.58,76.58,80.32,37.27,67.67
79.64,79.64,79.62,41.15,65.45
81.68,81.68,74.98,41.95,66.45
84.50,84.50,74.97,37.35,66.98
81.42,81.42,76.66,37.28,65.99
82.61,82.61,72.72,30.75,65.18
80.26,80.26,62.81,28.86,72.74
77.17,77.17,58.21,28.00,69.72
76.57,76.57,69.85,31.43,69.22
75.51,75.51,73.56,32.45,66.73
76.19,76.19,73.81,28.20,68.29
75.31,75.31,84.84,20.08,75.18
76.49,76.49,80.12,21.81,75.56
73.20,73.20,77.74,25.93,64.20
74.60,74.60,81.83,30.40,69.19
82.27,82.27,82.43,30.44,69.40
80.70,80.70,79.51,26.58,66.76
75.32,75.32,69.68,22.96,65.19
82.70,82.70,80.52,19.06,65.85
81.71,81.71,79.22,22.03,66.35
78.82,78.82,83.02,32.72,66.57
80.08,80.08,81.08,37.10,66.31
79.43,79.43,83.44,37.98,66.17
80.26,80.26,82.73,43.57,66.33
82.00,82.00,82.15,49.54,65.39
80.60,80.60,72.68,42.58,68.20
80.78,80.78,65.51,33.75,71.93
80.84,80.84,62.50,31.87,67.74
79.93,79.93,60.48,37.69,67.54
77.91,77.91,63.67,38.62,74.87
74.10,74.10,65.76,36.59,70.04
75.47,75.47,84.20,37.12,74.17
73.83,73.83,76.24,34.14,71.99
75.11,75.11,69.17,36.43,74.85
72.00,72.00,64.20,38.51,75.34
70.78,70.78,52.93,42.90,76.60
68.01,68.01,53.83,42.39,77.05
69.49,69.49,47.50,44.55,76.55
70.63,70.63,44.72,43.04,73.93
76.08,76.08,43.97,33.62,72.40
79.82,79.82,39.88,35.94,74.19
82.24,82.24,38.66,45.67,71.25
81.15,81.15,40.05,46.17,81.72
81.75,81.75,39.28,48.81,77.43
79.50,79.50,39.09,47.12,73.28
80.55,80.55,33.62,52.37,79.26
78.69,78.69,34.66,42.21,79.90
74.82,74.82,36.09,37.81,74.61
74.34,74.34,34.68,41.87,74.59
75.07,75.07,36.27,44.25,76.59
75.44,75.44,38.36,44.93,76.78
76.24,76.24,40.81,50.32,78.30
75.44,75.44,39.87,54.65,78.27
70.76,70.76,39.11,51.04,77.16
67.49,67.49,38.16,53.37,77.89
64.43,64.43,40.28,53.69,77.28
62.62,62.62,39.34,46.79,76.06
63.72,63.72,41.35,54.87,77.34
68.38,68.38,51.84,59.37,74.15
69.88,69.88,60.92,61.01,78.37
74.09,74.09,66.05,61.10,74.72
79.91,79.91,77.66,54.05,70.97
80.69,80.69,83.37,59.89,78.80
80.68,80.68,82.89,57.38,75.28
78.09,78.09,76.80,56.58,67.65
79.81,79.81,76.14,68.00,75.34
81.21,81.21,64.02,68.96,72.26
81.05,81.05,58.22,66.82,74.72
81.01,81.01,59.94,69.64,80.33
80.90,80.90,57.45,63.35,75.16
80.49,80.49,61.09,62.91,74.17
80.33,80.33,69.13,62.73,69.38
80.00,80.00,77.83,58.99,68.96
78.65,78.65,83.64,56.00,76.22
76.46,76.46,78.14,54.30,67.61
75.78,75.78,77.00,53.28,67.02
76.42,76.42,79.95,61.23,69.22
77.31,77.31,70.33,59.07,68.76
77.91,77.91,73.20,55.23,69.23
80.99,80.99,80.00,57.58,67.56
80.90,80.90,79.62,61.06,72.28
80.27,80.27,81.14,68.59,73.16
78.47,78.47,82.91,68.46,69.36
79.68,79.68,80.75,69.74,71.83
79.72,79.72,84.28,67.16,74.42
78.37,78.37,80.92,69.79,77.16
79.49,79.49,78.73,64.43,73.21
81.06,81.06,58.65,65.65,75.04
79.05,79.05,47.16,65.52,71.65
77.77,77.77,42.68,61.86,75.75
77.96,77.96,55.54,57.10,71.51
77.17,77.17,66.71,51.11,69.74
78.54,78.54,75.39,52.73,66.83
80.15,80.15,80.83,43.95,69.44
78.83,78.83,84.56,26.99,79.22
78.54,78.54,80.02,16.63,72.03
79.69,79.69,78.94,23.16,67.48
81.23,81.23,78.29,32.81,73.39
81.53,81.53,67.09,30.82,73.34
78.96,78.96,71.68,29.48,69.77
76.59,76.59,67.01,16.49,72.92
74.88,74.88,67.49,16.06,74.60
75.45,75.45,70.72,21.89,74.22
78.57,78.57,67.14,21.36,72.83
81.10,81.10,56.92,11.79,71.18
77.68,77.68,58.68,8.90,73.05
72.60,72.60,63.71,11.65,76.17
71.36,71.36,53.69,13.04,74.40
66.68,66.68,62.42,13.35,76.05
65.16,65.16,62.89,16.77,73.93
65.93,65.93,67.37,17.56,74.06
68.83,68.83,76.03,33.20,70.40
70.87,70.87,79.19,55.57,68.59
72.50,72.50,83.00,57.51,71.92
75.67,75.67,85.08,64.61,70.30
78.57,78.57,82.53,73.37,65.48
80.38,80.38,80.50,76.63,67.05
80.19,80.19,77.22,83.99,67.91
79.64,79.64,74.40,82.12,72.15
80.13,80.13,74.57,86.71,73.32
79.07,79.07,76.22,86.67,70.44
77.04,77.04,75.06,87.11,71.58
72.36,72.36,71.12,87.01,78.29
70.87,70.87,70.62,82.97,75.34
74.91,74.91,62.77,86.17,74.66
74.86,74.86,55.84,86.51,73.51
73.91,73.91,48.28,86.63,73.79
71.38,71.38,47.84,86.73,75.12
68.14,68.14,41.84,85.40,76.12
66.55,66.55,37.34,85.10,76.63
67.79,67.79,36.16,76.86,78.18
75.61,75.61,34.05,58.15,77.03
78.97,78.97,36.56,51.62,74.39
75.36,75.36,44.30,46.87,73.05
73.68,73.68,51.17,43.87,75.98
74.36,74.36,60.75,41.76,76.55
79.91,79.91,60.50,40.98,72.77
78.98,78.98,54.74,38.72,74.91
79.17,79.17,49.78,31.09,73.34
77.53,77.53,48.89,31.21,74.32
78.82,78.82,56.57,32.07,74.28
79.92,79.92,66.62,26.51,72.26
80.19,80.19,68.44,25.75,72.79
79.16,79.16,75.59,21.24,73.76
77.54,77.54,85.66,11.29,76.83
78.57,78.57,81.07,1.54,70.56
79.14,79.14,75.22,2.39,68.73
78.60,78.60,74.75,6.03,69.49
71.01,71.01,66.25,9.34,73.62
71.50,71.50,65.17,12.75,74.72
73.71,73.71,70.07,22.23,72.41
72.76,72.76,66.58,22.82,72.61
70.96,70.96,63.49,20.80,71.31
71.89,71.89,73.43,17.38,70.92
71.33,71.33,81.17,25.67,73.56
79.96,79.96,74.21,31.53,68.42
81.23,81.23,80.73,35.86,65.75
81.75,81.75,83.42,37.47,66.10
81.15,81.15,85.13,44.19,72.65
81.46,81.46,83.49,37.94,69.11
78.58,78.58,84.79,35.84,69.58
78.62,78.62,83.71,36.02,71.29
78.57,78.57,87.22,39.27,70.06
77.33,77.33,81.99,32.34,72.46
81.15,81.15,84.25,30.35,74.08
81.95,81.95,82.25,37.19,69.87
81.46,81.46,79.40,41.00,72.73
79.97,79.97,82.17,28.33,74.20
75.36,75.36,76.89,33.21,70.43
75.48,75.48,73.33,30.24,72.95
79.51,79.51,64.21,29.99,68.99
69.67,69.67,60.22,21.13,74.00
73.52,73.52,55.60,19.64,72.90
72.87,72.87,67.05,10.02,72.91
61.66,61.66,74.34,16.21,69.53
63.95,63.95,85.25,15.50,77.29
56.06,56.06,82.54,12.76,74.22
61.47,61.47,77.30,24.91,71.33
63.78,63.78,78.53,32.99,73.98
65.06,65.06,80.07,34.88,74.17
67.15,67.15,76.79,28.62,75.21
68.68,68.68,73.30,14.90,75.09
68.18,68.18,81.09,23.09,74.29
70.97,70.97,83.13,20.47,74.68
72.89,72.89,78.97,13.93,76.11
69.48,69.48,81.07,14.86,73.89
70.41,70.41,81.42,14.86,73.72
74.63,74.63,80.14,27.67,72.19
82.04,82.04,78.54,32.17,71.93
81.93,81.93,67.29,26.01,69.72
83.35,83.35,64.69,19.91,70.65
79.34,79.34,63.39,28.75,68.81
80.20,80.20,57.54,24.82,70.70
78.39,78.39,64.55,26.07,68.83
75.83,75.83,68.01,19.88,67.26
73.46,73.46,84.39,16.00,75.07
78.68,78.68,71.74,16.93,66.67
81.00,81.00,70.15,16.72,66.67
83.21,83.21,68.02,25.59,67.81
80.59,80.59,64.32,25.27,69.39
79.80,79.80,66.48,29.09,71.50
79.47,79.47,65.13,26.19,72.75
78.40,78.40,56.53,26.00,70.15
79.56,79.56,57.02,27.65,72.70
76.87,76.87,53.32,32.29,69.32
76.93,76.93,56.36,37.75,69.87
74.93,74.93,51.89,37.37,71.93
75.22,75.22,54.05,29.62,75.00
73.80,73.80,53.90,23.57,74.89
74.18,74.18,54.01,28.04,76.48
74.18,74.18,56.07,28.00,74.95
73.35,73.35,57.46,31.45,76.32
70.09,70.09,46.83,28.66,74.43
76.24,76.24,52.47,39.05,72.54
76.09,76.09,52.04,39.82,71.14
76.05,76.05,61.07,30.86,72.42
77.44,77.44,61.60,32.71,72.55
82.44,82.44,60.84,39.02,72.35
82.37,82.37,59.45,33.14,71.78
80.18,80.18,57.44,35.14,73.38
79.76,79.76,54.80,36.19,72.40
79.79,79.79,49.85,37.64,74.11
78.94,78.94,52.41,32.90,78.27
78.23,78.23,59.66,21.46,76.93
78.20,78.20,65.95,17.80,78.36
78.28,78.28,74.79,7.18,74.15
79.33,79.33,83.07,0.52,76.41
77.11,77.11,84.17,2.60,75.53
77.78,77.78,75.79,5.48,67.04
77.03,77.03,78.15,5.47,69.00
77.28,77.28,70.91,8.76,71.00
76.55,76.55,64.86,6.35,70.65
77.77,77.77,62.94,12.00,71.92
76.33,76.33,67.54,15.38,72.22
75.18,75.18,66.61,16.14,74.31
76.25,76.25,66.10,25.81,73.84
74.57,74.57,77.87,30.08,76.01
73.00,73.00,84.47,26.04,77.30
63.13,63.13,80.81,30.02,75.34
60.17,60.17,76.59,34.62,74.51
60.75,60.75,70.05,36.84,73.82
64.70,64.70,70.57,40.84,77.08
71.59,71.59,58.77,39.89,77.44
77.83,77.83,63.17,52.94,76.39
81.36,81.36,62.38,50.34,75.43
79.25,79.25,56.86,40.69,74.80
79.22,79.22,60.53,40.65,74.02
76.78,76.78,66.85,38.09,74.95
79.00,79.00,67.61,19.21,72.67
80.39,80.39,73.12,25.81,74.99
79.28,79.28,67.56,17.69,72.07
76.46,76.46,64.53,28.80,69.88
73.25,73.25,64.42,30.96,75.22
71.90,71.90,61.34,26.02,72.18
73.46,73.46,63.44,31.26,73.25
72.08,72.08,65.59,24.37,75.17
72.99,72.99,73.02,22.51,71.98
72.36,72.36,80.95,26.53,72.49
72.74,72.74,83.74,24.34,73.88
74.67,74.67,84.51,17.15,68.73
81.63,81.63,82.83,23.01,67.12
83.42,83.42,78.77,36.78,66.69
82.48,82.48,71.35,40.80,68.16
81.03,81.03,81.75,43.68,70.14
80.22,80.22,81.53,44.71,67.00
80.92,80.92,78.97,47.61,71.01
80.40,80.40,82.26,51.60,70.79
79.21,79.21,85.60,53.16,71.51
74.16,74.16,81.07,45.82,72.11
70.53,70.53,83.87,51.10,71.73
65.77,65.77,78.69,53.69,71.17
67.53,67.53,65.20,48.57,73.18
63.41,63.41,64.28,37.12,73.39
61.36,61.36,57.06,31.98,78.06
70.13,70.13,59.34,22.13,78.40
73.42,73.42,55.80,29.20,73.31
75.85,75.85,63.84,40.71,72.08
76.83,76.83,77.25,44.59,73.45
77.07,77.07,82.33,63.00,68.94
75.69,75.69,68.52,63.17,65.67
70.61,70.61,62.77,74.96,68.65
66.25,66.25,52.80,87.59,67.95
72.68,72.68,57.34,87.67,72.14
78.73,78.73,52.83,87.24,71.44
80.42,80.42,47.96,85.21,75.03
78.31,78.31,41.40,86.63,72.96
77.62,77.62,45.52,87.34,70.18
78.31,78.31,40.81,87.11,71.29
79.25,79.25,44.30,86.75,73.96
79.11,79.11,48.76,86.18,73.97
77.64,77.64,48.69,85.04,74.49
69.13,69.13,49.51,86.22,72.22
69.33,69.33,39.45,86.34,72.52
73.54,73.54,38.82,83.14,77.96
75.20,75.20,37.33,72.49,78.04
74.24,74.24,39.40,60.02,75.95
74.25,74.25,48.12,48.99,75.19
75.44,75.44,53.12,48.79,76.46
75.38,75.38,47.88,54.36,76.24
72.26,72.26,48.31,53.83,75.83
76.65,76.65,47.74,43.17,75.39
77.04,77.04,47.72,41.87,73.82
79.27,79.27,45.13,51.46,73.12
79.92,79.92,43.76,55.30,70.27
80.05,80.05,46.85,49.73,72.17
80.48,80.48,54.52,43.23,72.06
79.10,79.10,67.99,45.60,73.61
77.04,77.04,72.50,46.06,68.33
78.93,78.93,77.41,38.40,71.54
76.69,76.69,85.92,30.82,73.60
69.28,69.28,78.58,28.78,70.29
64.54,64.54,79.69,40.81,71.39
67.07,67.07,76.22,39.42,72.80
74.97,74.97,69.86,37.11,73.08
76.89,76.89,69.99,40.10,73.80
74.39,74.39,69.68,49.70,75.80
74.77,74.77,72.13,49.17,77.22
67.33,67.33,69.34,46.48,76.52
61.72,61.72,75.22,42.93,75.21
61.61,61.61,86.80,43.04,74.76
65.92,65.92,82.54,54.25,72.34
71.43,71.43,74.27,66.76,67.40
77.06,77.06,66.78,61.14,66.62
81.35,81.35,76.95,71.03,70.42
80.28,80.28,77.36,66.59,71.96
79.66,79.66,79.89,68.62,75.65
80.94,80.94,78.10,70.14,76.61
80.80,80.80,82.12,75.50,74.92
79.85,79.85,79.12,74.44,71.53
78.28,78.28,80.45,76.70,73.28
73.17,73.17,79.51,79.40,74.87
75.50,75.50,75.87,76.07,73.57
79.33,79.33,75.59,80.43,72.94
78.81,78.81,67.13,75.47,74.77
76.70,76.70,60.69,62.48,74.47
70.58,70.58,51.84,54.76,78.03
67.77,67.77,55.38,46.61,76.66
67.57,67.57,62.18,50.15,75.61
63.15,63.15,72.47,51.45,74.33
65.26,65.26,71.06,45.02,72.10
64.57,64.57,87.41,37.78,75.75
72.00,72.00,78.91,38.78,70.81
69.45,69.45,76.63,34.41,66.45
79.16,79.16,83.00,30.62,75.18
80.87,80.87,82.93,38.17,75.22
81.06,81.06,83.25,42.47,71.48
80.66,80.66,86.60,52.71,69.27
79.18,79.18,82.95,53.90,74.93
80.77,80.77,85.10,45.91,74.15
80.96,80.96,84.61,49.74,72.56
78.51,78.51,81.20,45.36,70.95
77.59,77.59,81.55,35.31,73.20
78.57,78.57,76.67,40.99,72.81
76.09,76.09,78.72,51.27,73.64
73.18,73.18,79.79,52.86,73.20
72.32,72.32,76.39,58.76,75.23
68.66,68.66,70.47,58.15,74.03
67.87,67.87,59.99,55.84,72.59
69.41,69.41,65.55,51.52,72.92
69.18,69.18,65.55,46.48,69.07
71.26,71.26,85.91,32.79,70.43
70.67,70.67,74.95,33.89,70.35
78.36,78.36,67.22,42.73,66.51
79.31,79.31,64.28,44.00,71.73
80.40,80.40,60.47,37.72,76.53
79.00,79.00,60.31,41.86,75.90
77.33,77.33,51.82,38.92,71.76
78.39,78.39,45.98,27.66,72.07
80.70,80.70,51.37,46.30,72.21
77.28,77.28,50.06,51.52,75.13
78.48,78.48,48.50,47.72,75.63
79.62,79.62,48.29,50.18,78.02
74.36,74.36,43.52,49.77,79.30
73.35,73.35,45.34,50.63,72.13
76.80,76.80,46.78,52.70,81.91
78.96,78.96,40.81,45.64,79.43
78.63,78.63,44.69,37.15,70.76
78.55,78.55,46.60,43.36,79.16
79.92,79.92,49.16,47.91,72.69
80.36,80.36,58.47,57.32,74.79
79.87,79.87,68.95,54.88,75.90
78.95,78.95,69.28,48.86,73.18
79.84,79.84,67.47,51.68,69.89
80.62,80.62,63.36,55.18,74.48
81.11,81.11,59.53,52.29,72.40
77.72,77.72,52.90,51.36,73.62
76.73,76.73,44.73,48.54,76.22
74.65,74.65,44.02,40.02,73.02
74.16,74.16,57.08,45.11,73.61
75.43,75.43,62.98,49.63,73.57
77.01,77.01,76.60,55.06,72.04
75.66,75.66,85.84,56.22,79.02
76.16,76.16,79.86,56.00,74.28
75.76,75.76,76.32,55.73,73.93
74.37,74.37,72.46,62.13,75.68
71.43,71.43,67.57,62.30,73.44
75.43,75.43,66.28,63.52,76.35
75.61,75.61,68.16,64.17,74.85
79.63,79.63,69.46,57.53,75.93
78.94,78.94,68.13,48.75,72.18
79.38,79.38,67.74,50.41,70.56
78.89,78.89,82.52,43.33,71.64
78.85,78.85,85.27,32.69,71.80
79.19,79.19,78.99,33.88,71.43
78.67,78.67,82.49,42.20,70.19
78.03,78.03,82.32,49.18,68.78
74.25,74.25,82.44,55.05,67.17
80.62,80.62,85.49,59.92,70.09
81.38,81.38,85.43,53.56,71.21
80.38,80.38,83.15,50.51,74.08
78.70,78.70,85.91,49.54,73.57
79.32,79.32,81.57,57.83,73.27
81.57,81.57,81.36,60.91,71.88
79.22,79.22,79.68,59.89,78.45
78.03,78.03,73.96,60.16,76.11
77.00,77.00,79.56,59.75,74.33
70.62,70.62,76.67,58.63,73.15
67.41,67.41,73.64,59.69,74.72
71.13,71.13,62.95,55.76,76.51
74.04,74.04,58.99,49.58,74.71
75.61,75.61,66.18,47.63,73.53
75.72,75.72,68.60,37.39,73.10
74.38,74.38,83.27,28.66,76.64
69.87,69.87,84.00,13.93,75.56
74.22,74.22,81.64,16.24,65.54
79.62,79.62,79.84,22.09,70.29
78.42,78.42,75.58,18.56,70.02
79.26,79.26,60.52,22.56,69.92
76.38,76.38,71.13,26.67,72.52
74.35,74.35,65.83,23.50,70.05
75.10,75.10,70.99,22.26,75.14
76.45,76.45,68.11,24.71,72.49
78.81,78.81,65.67,21.46,75.00
76.94,76.94,67.25,17.54,73.03
75.82,75.82,63.22,21.42,77.53
76.50,76.50,63.49,31.91,76.22
77.10,77.10,56.85,26.03,76.62
76.64,76.64,54.09,33.58,77.77
77.43,77.43,52.11,28.03,75.52
74.68,74.68,56.79,27.59,76.21
69.03,69.03,62.76,25.88,73.22
64.36,64.36,68.96,35.57,70.26
70.10,70.10,80.23,48.78,73.90
67.34,67.34,80.33,61.81,68.77
73.31,73.31,67.19,72.88,65.72
78.99,78.99,63.44,83.94,66.56
79.48,79.48,61.41,87.44,65.22
79.34,79.34,65.41,84.04,70.86
78.20,78.20,63.48,87.92,73.06
78.57,78.57,62.00,85.19,70.03
79.49,79.49,67.99,84.39,72.41
78.63,78.63,62.85,89.21,73.89
76.61,76.61,65.30,83.26,75.47
78.14,78.14,62.12,88.25,74.37
76.65,76.65,60.59,86.59,74.08
66.92,66.92,56.53,83.04,73.67
69.69,69.69,54.33,89.27,73.91
72.84,72.84,49.51,83.14,74.66
73.51,73.51,55.93,78.01,78.58
75.11,75.11,50.89,67.42,77.66
75.08,75.08,45.38,59.65,76.37
70.79,70.79,45.45,47.07,77.58
69.20,69.20,53.23,41.86,74.65
71.86,71.86,53.94,41.89,75.88
71.92,71.92,57.77,51.29,75.91
72.87,72.87,54.33,48.69,73.78
77.80,77.80,53.54,43.17,73.36
77.94,77.94,51.26,48.96,75.19
75.84,75.84,50.39,44.53,74.65
75.91,75.91,53.63,39.69,75.97
76.44,76.44,58.39,31.33,74.29
81.21,81.21,67.34,27.97,70.30
78.43,78.43,71.78,15.03,74.07
78.79,78.79,85.44,21.95,75.93
79.47,79.47,84.72,17.72,72.09
79.10,79.10,76.32,29.05,67.55
76.15,76.15,77.94,28.25,69.57
69.47,69.47,73.06,24.05,71.11
70.24,70.24,59.69,26.45,72.97
69.25,69.25,70.56,25.09,72.98
67.17,67.17,71.51,26.56,75.97
69.62,69.62,69.81,27.54,73.62
72.10,72.10,71.31,28.94,71.15
74.85,74.85,80.35,31.76,72.14
75.24,75.24,85.71,31.15,77.48
76.02,76.02,81.75,45.10,72.47
77.21,77.21,78.46,54.72,72.23
77.06,77.06,71.91,57.33,72.99
74.74,74.74,80.46,58.35,73.99
71.91,71.91,66.58,50.80,71.14
70.75,70.75,74.49,46.28,73.70
72.91,72.91,79.03,55.84,71.72
71.94,71.94,80.78,56.56,74.23
73.82,73.82,84.29,58.43,67.61
72.36,72.36,83.48,60.65,71.72
77.87,77.87,81.02,55.02,74.76
81.81,81.81,81.90,52.44,74.32
80.23,80.23,79.66,55.97,74.30
80.27,80.27,72.40,49.18,73.88
78.40,78.40,60.14,41.76,71.36
79.55,79.55,56.84,39.39,75.08
80.11,80.11,60.28,34.22,73.41
82.01,82.01,66.33,39.68,71.40
80.06,80.06,72.04,51.34,65.68
75.02,75.02,82.49,48.70,75.47
73.24,73.24,83.97,40.81,71.18
78.55,78.55,82.65,55.92,70.54
78.23,78.23,83.16,56.69,72.48
78.50,78.50,73.31,57.39,73.10
76.89,76.89,80.14,58.78,75.85
78.05,78.05,83.47,57.37,75.61
78.73,78.73,81.14,61.29,75.11
78.52,78.52,84.09,56.62,73.67
73.04,73.04,84.21,62.42,75.25
80.31,80.31,84.13,63.52,72.58
80.33,80.33,83.68,62.04,74.41
80.33,80.33,80.55,60.51,71.44
79.77,79.77,81.59,66.64,71.62
79.59,79.59,77.12,62.92,72.46
80.41,80.41,60.62,51.10,67.96
81.17,81.17,59.97,36.84,68.84
78.56,78.56,57.04,36.28,71.16
75.15,75.15,60.52,27.63,70.30
73.51,73.51,67.34,30.28,69.09
73.11,73.11,83.40,21.25,73.36
61.89,61.89,74.76,10.68,67.75
58.83,58.83,67.91,17.65,69.85
62.40,62.40,66.00,15.35,70.31
65.70,65.70,65.04,12.31,72.63
68.28,68.28,64.64,11.95,72.46
74.82,74.82,61.78,14.55,72.55
77.31,77.31,54.11,16.07,68.64
80.11,80.11,56.14,14.84,71.15
79.29,79.29,49.13,17.53,69.72
79.79,79.79,49.52,14.50,69.80
79.63,79.63,49.42,19.66,71.94
80.11,80.11,53.30,27.02,73.05
81.44,81.44,56.12,23.72,76.12
81.11,81.11,49.45,26.96,73.98
79.74,79.74,50.75,30.60,73.21
78.12,78.12,53.00,32.16,76.13
78.06,78.06,47.97,31.99,74.48
76.53,76.53,52.79,31.71,76.27
78.88,78.88,57.07,23.99,74.89
78.52,78.52,65.15,20.99,77.19
78.52,78.52,65.40,24.74,71.98
78.45,78.45,63.91,23.26,73.49
76.13,76.13,60.80,16.71,72.30
76.88,76.88,56.38,18.58,71.56
74.83,74.83,54.26,18.12,75.18
76.01,76.01,49.20,23.74,75.64
79.60,79.60,51.41,25.72,74.63
78.18,78.18,59.95,24.03,69.48
77.42,77.42,64.70,25.57,70.59
77.79,77.79,74.45,21.62,67.38
73.74,73.74,87.44,15.10,73.68
73.90,73.90,84.59,15.68,72.74
74.69,74.69,73.13,19.94,66.94
74.89,74.89,80.67,20.64,68.55
75.76,75.76,72.27,32.46,70.15
75.11,75.11,66.33,37.81,72.78
72.22,72.22,68.80,38.14,75.96
72.49,72.49,70.49,27.10,75.10
74.42,74.42,69.67,30.26,75.40
75.02,75.02,69.18,33.11,74.70
71.04,71.04,84.45,39.26,73.79
62.05,62.05,86.35,45.11,74.09
53.95,53.95,84.89,48.08,74.00
52.71,52.71,80.56,50.43,76.40
51.25,51.25,78.07,61.31,74.05
52.98,52.98,80.66,66.39,75.60
50.19,50.19,82.32,56.73,76.30
49.07,49.07,82.76,62.65,76.37
47.76,47.76,83.30,65.21,77.62
49.02,49.02,84.65,68.54,76.61
49.55,49.55,80.75,70.11,77.05
49.95,49.95,81.16,75.44,76.07
51.14,51.14,77.66,73.13,75.71
50.34,50.34,74.46,75.70,78.91
52.29,52.29,73.61,69.27,79.55
54.46,54.46,66.95,59.88,77.87
55.81,55.81,56.43,55.50,75.72
56.56,56.56,60.39,41.70,78.89
54.02,54.02,60.07,34.74,75.43
49.61,49.61,67.94,32.69,75.28
48.02,48.02,73.44,29.64,76.01
46.61,46.61,83.45,24.10,75.40
48.05,48.05,85.34,17.25,74.04
47.30,47.30,81.61,20.46,69.71
46.90,46.90,81.50,16.32,74.19
54.06,54.06,83.71,25.80,78.41
56.92,56.92,85.38,38.41,78.29
64.04,64.04,83.83,44.72,74.61
75.35,75.35,81.41,42.42,73.31
82.06,82.06,82.09,37.53,73.62
81.19,81.19,83.74,32.33,74.94
79.90,79.90,82.76,32.15,75.86
80.34,80.34,79.58,30.37,78.39
78.14,78.14,71.73,34.84,77.56
78.72,78.72,78.38,45.87,70.63
77.76,77.76,78.86,41.76,73.40
76.97,76.97,75.13,43.35,74.89
79.76,79.76,73.94,48.63,76.28
81.34,81.34,63.88,45.31,79.03
79.72,79.72,62.32,43.97,75.51
78.99,78.99,63.98,49.05,74.24
79.33,79.33,83.10,54.65,74.05
79.40,79.40,75.39,62.92,69.36
78.59,78.59,68.97,68.66,67.50
79.56,79.56,63.22,84.85,66.88
80.08,80.08,61.46,85.82,68.46
79.24,79.24,59.25,86.18,71.94
80.33,80.33,56.23,87.61,74.47
80.73,80.73,52.33,86.89,74.11
79.82,79.82,56.41,87.55,73.56
79.94,79.94,61.87,85.92,73.30
80.61,80.61,63.31,84.69,71.18
78.46,78.46,60.06,86.14,73.87
77.14,77.14,57.49,86.61,73.61
76.90,76.90,54.53,87.45,73.89
75.91,75.91,53.11,85.84,71.20
68.96,68.96,53.30,83.97,70.28
68.87,68.87,50.72,73.66,77.47
71.80,71.80,47.65,59.53,79.02
74.95,74.95,44.18,54.32,77.64
75.83,75.83,49.44,45.54,76.91
76.34,76.34,53.12,39.98,75.31
73.60,73.60,52.86,51.01,76.58
69.85,69.85,51.49,49.98,75.36
68.20,68.20,49.06,52.99,75.31
69.08,69.08,48.72,51.30,75.96
78.89,78.89,48.76,52.03,74.05
82.76,82.76,48.01,48.72,70.37
81.41,81.41,55.29,41.22,71.67
78.89,78.89,61.13,28.80,71.91
80.12,80.12,66.39,28.64,73.39
78.81,78.81,74.76,14.49,72.52
78.27,78.27,86.24,2.69,72.76
78.75,78.75,82.61,7.19,69.45
76.61,76.61,76.80,7.27,68.79
67.85,67.85,75.93,0.92,71.71
65.28,65.28,72.61,-0.00,73.52
65.15,65.15,67.43,-0.00,72.21
63.88,63.88,66.76,0.08,75.32
69.65,69.65,68.54,0.44,74.77
72.63,72.63,70.05,0.40,74.36
69.64,69.64,71.65,0.11,73.58
63.96,63.96,77.25,-0.00,74.97
74.96,74.96,86.77,0.08,72.48
76.21,76.21,80.84,1.25,73.13
75.51,75.51,79.42,1.00,73.52
75.87,75.87,71.26,7.14,72.40
82.61,82.61,70.98,12.27,69.57
81.80,81.80,67.02,13.92,68.65
78.21,78.21,61.51,16.06,66.28
80.19,80.19,68.20,11.63,68.93
78.42,78.42,62.43,2.00,70.40
76.97,76.97,58.67,2.26,69.48
76.34,76.34,58.77,1.53,68.82
79.95,79.95,60.15,0.35,71.03
81.43,81.43,62.79,-0.00,72.65
82.35,82.35,59.59,-0.00,72.70
82.41,82.41,55.22,-0.00,73.48
77.22,77.22,58.54,-0.00,73.68
66.97,66.97,61.58,-0.00,73.64
76.39,76.39,62.93,0.16,73.51
74.13,74.13,69.09,15.89,69.56
75.13,75.13,71.98,19.59,67.84
78.56,78.56,80.21,30.68,68.91
82.11,82.11,85.30,30.74,68.99
80.03,80.03,82.12,33.92,65.23
79.81,79.81,81.72,42.54,66.61
78.96,78.96,81.79,41.41,70.47
78.57,78.57,80.34,57.92,74.98
79.47,79.47,70.65,56.91,75.48
76.58,76.58,75.25,54.70,70.39
69.33,69.33,76.83,63.04,73.65
64.56,64.56,82.47,62.70,76.74
62.59,62.59,78.87,65.28,77.27
62.47,62.47,83.73,67.56,76.95
67.68,67.68,80.01,62.06,74.29
74.52,74.52,82.88,67.92,70.67
82.75,82.75,79.08,62.27,70.69
81.25,81.25,70.31,51.86,71.08
72.36,72.36,66.02,36.18,73.41
75.93,75.93,61.22,41.90,73.12
79.97,79.97,61.38,43.18,71.03
76.24,76.24,67.64,46.72,74.10
78.12,78.12,76.76,41.60,73.02
78.57,78.57,81.36,40.54,68.10
81.92,81.92,68.20,40.12,68.96
82.35,82.35,67.72,40.47,70.89
81.97,81.97,62.62,39.50,70.95
81.44,81.44,61.93,36.61,73.83
80.05,80.05,58.95,41.10,73.69
79.82,79.82,58.18,35.97,74.14
79.96,79.96,56.28,35.01,74.42
80.36,80.36,53.96,39.59,72.14
80.43,80.43,52.36,41.75,76.84
80.58,80.58,53.02,35.93,78.25
80.12,80.12,52.43,35.90,80.05
76.39,76.39,52.25,37.59,76.36
76.53,76.53,49.23,37.65,72.73
75.43,75.43,45.32,33.50,82.13
76.04,76.04,41.43,35.43,77.41
74.62,74.62,42.59,39.67,73.65
74.37,74.37,41.65,39.48,80.23
75.81,75.81,45.45,41.23,75.53
76.10,76.10,48.29,38.86,77.06
77.03,77.03,47.41,40.56,77.50
74.76,74.76,45.70,32.89,75.80
76.09,76.09,44.28,36.89,72.42
79.87,79.87,44.74,37.41,72.84
78.75,78.75,42.59,33.70,69.31
76.12,76.12,38.69,30.37,76.03
76.16,76.16,48.87,29.69,76.00
72.65,72.65,65.35,26.64,72.68
69.19,69.19,68.73,32.63,76.19
72.68,72.68,81.65,29.48,77.28
74.72,74.72,85.88,32.85,76.24
74.84,74.84,77.00,36.96,72.70
75.53,75.53,80.13,44.18,72.61
63.54,63.54,73.38,47.07,76.40
57.99,57.99,63.66,48.08,78.13
61.26,61.26,66.74,52.09,74.01
62.73,62.73,69.01,38.40,79.00
67.02,67.02,67.16,51.97,79.45
73.10,73.10,71.64,55.26,76.13
66.58,66.58,68.84,47.02,74.95
57.65,57.65,84.74,40.53,77.55
55.35,55.35,81.73,51.84,73.72
57.96,57.96,80.57,59.08,73.55
58.72,58.72,79.67,61.82,73.87
64.61,64.61,79.26,69.33,74.09
72.13,72.13,72.97,65.50,73.37
75.53,75.53,73.35,72.86,74.08
74.68,74.68,68.65,75.09,75.30
78.26,78.26,65.17,70.30,78.06
80.71,80.71,76.15,79.41,75.70
80.34,80.34,73.83,74.50,76.84
78.98,78.98,74.53,78.41,75.82
78.25,78.25,74.43,79.14,77.02
78.88,78.88,72.31,79.61,78.25
76.66,76.66,64.08,71.66,76.48
77.28,77.28,51.81,64.72,76.37
81.77,81.77,49.61,48.74,74.40
77.29,77.29,51.84,47.44,74.11
80.76,80.76,61.47,55.81,75.29
78.97,78.97,71.36,58.35,69.39
78.02,78.02,74.46,62.38,71.37
75.88,75.88,85.44,59.39,73.26
77.84,77.84,78.00,69.70,69.78
78.83,78.83,80.23,78.07,69.37
79.90,79.90,79.30,78.93,68.94
78.05,78.05,70.97,79.43,73.23
79.15,79.15,69.56,79.69,73.56
78.39,78.39,70.05,82.53,69.66
78.01,78.01,70.28,80.22,72.21
77.61,77.61,75.18,83.13,73.03
79.51,79.51,66.24,79.88,74.79
79.48,79.48,66.35,78.54,72.45
81.22,81.22,75.08,79.99,75.88
80.83,80.83,74.31,75.82,72.53
79.59,79.59,74.66,76.25,75.10
74.33,74.33,59.93,63.33,75.57
74.37,74.37,59.66,53.04,75.73
67.18,67.18,53.97,46.36,76.60
63.33,63.33,55.53,42.00,73.26
67.38,67.38,64.40,49.49,75.11
75.73,75.73,67.38,48.51,70.25
81.07,81.07,83.24,48.38,71.17
80.21,80.21,71.01,62.73,67.18
81.04,81.04,66.62,68.93,65.97
80.52,80.52,62.93,75.22,67.41
78.11,78.11,62.19,87.35,70.25
78.35,78.35,64.40,87.15,71.11
81.31,81.31,69.24,87.35,75.35
81.19,81.19,63.65,87.15,72.39
80.65,80.65,57.97,86.49,72.20
82.99,82.99,56.03,84.42,75.29
80.06,80.06,58.77,86.18,76.03
78.49,78.49,53.46,86.46,75.63
79.21,79.21,52.46,86.61,74.54
79.80,79.80,50.62,87.16,72.23
77.68,77.68,47.05,85.00,76.02
79.13,79.13,45.69,85.26,77.97
79.92,79.92,45.94,80.60,74.59
76.05,76.05,47.30,67.67,79.09
75.95,75.95,47.59,60.09,75.78
78.56,78.56,56.47,53.99,76.52
78.29,78.29,69.08,58.31,75.76
79.72,79.72,68.90,47.94,73.40
82.68,82.68,66.65,53.58,75.46
79.34,79.34,63.12,45.71,72.81
78.58,78.58,58.70,41.97,72.11
77.20,77.20,56.05,48.21,77.32
78.90,78.90,52.92,44.13,72.97
80.67,80.67,53.67,37.49,73.88
80.14,80.14,66.88,31.68,73.11
76.70,76.70,69.34,22.97,71.23
69.44,69.44,73.42,13.15,71.69
58.46,58.46,86.42,14.09,77.23
58.18,58.18,81.71,4.66,74.33
57.25,57.25,78.46,7.61,71.59
58.12,58.12,77.39,29.14,72.34
66.01,66.01,66.28,43.78,71.86
69.10,69.10,71.57,51.99,71.78
72.99,72.99,65.54,62.25,73.77
76.75,76.75,69.52,72.73,72.84
77.23,77.23,72.82,82.41,73.24
73.68,73.68,68.12,83.48,72.72
71.42,71.42,83.77,83.76,74.21
70.90,70.90,83.67,85.01,74.38
69.57,69.57,79.05,82.71,70.72
71.30,71.30,75.43,84.09,72.14
72.57,72.57,74.01,81.32,72.66
73.72,73.72,75.58,82.64,72.68
73.49,73.49,70.45,84.47,71.19
81.49,81.49,71.30,81.50,71.89
80.68,80.68,68.67,83.60,72.88
81.33,81.33,71.38,84.41,73.07
81.74,81.74,71.38,82.11,75.53
80.73,80.73,71.74,85.17,75.56
77.47,77.47,67.76,82.85,72.55
78.11,78.11,65.34,82.40,74.66
79.68,79.68,61.62,82.41,72.65
80.06,80.06,60.00,67.54,67.04
74.40,74.40,55.52,54.62,74.90
70.86,70.86,48.63,44.16,70.77
73.71,73.71,57.25,39.63,72.92
73.82,73.82,63.48,45.39,70.03
78.11,78.11,68.88,51.84,71.21
79.03,79.03,82.85,49.59,75.33
79.32,79.32,83.19,52.64,69.76
77.97,77.97,75.80,62.95,67.50
79.76,79.76,77.31,75.35,67.85
78.65,78.65,73.41,88.57,72.44
77.84,77.84,62.13,88.29,70.30
76.92,76.92,64.63,87.82,74.75
79.71,79.71,69.62,86.45,73.77
82.70,82.70,68.69,84.71,72.55
81.94,81.94,68.66,85.08,74.38
79.78,79.78,74.97,86.38,71.80
79.95,79.95,73.06,85.64,72.63
78.52,78.52,72.64,84.24,72.76
70.46,70.46,70.42,83.70,72.09
73.82,73.82,67.08,84.47,74.81
78.74,78.74,60.09,84.80,75.85
78.07,78.07,56.04,85.11,69.14
79.14,79.14,60.24,83.64,72.36
80.02,80.02,65.09,73.41,70.26
81.11,81.11,69.45,59.47,67.96
79.18,79.18,82.35,64.50,71.99
76.25,76.25,76.89,60.52,67.14
77.30,77.30,68.22,54.74,64.57
78.62,78.62,66.49,54.94,66.63
81.46,81.46,63.05,54.87,67.38
80.24,80.24,57.48,47.68,69.83
80.88,80.88,55.62,45.42,73.11
81.44,81.44,57.86,41.97,73.26
81.76,81.76,55.98,51.30,69.66
82.61,82.61,56.03,54.08,72.63
81.13,81.13,55.75,51.29,71.15
79.83,79.83,56.04,46.88,68.83
80.12,80.12,53.54,48.03,72.36
79.94,79.94,51.97,50.41,71.71
78.33,78.33,54.20,47.99,75.70
78.13,78.13,52.30,37.16,74.36
79.31,79.31,51.91,34.59,73.53
78.32,78.32,54.11,35.31,73.61
76.54,76.54,53.48,37.36,72.15
75.66,75.66,55.52,34.49,73.43
76.18,76.18,54.16,45.45,74.46
75.93,75.93,53.29,42.00,72.76
75.79,75.79,62.96,44.84,75.71
75.58,75.58,60.81,59.05,77.41
74.46,74.46,57.69,65.02,76.88
75.38,75.38,59.14,64.31,74.60
77.05,77.05,52.35,61.01,76.27
78.71,78.71,55.80,57.63,75.97
76.36,76.36,61.34,57.78,74.92
74.09,74.09,64.68,57.93,74.62
73.60,73.60,72.91,56.68,73.85
72.09,72.09,82.38,56.27,76.63
72.90,72.90,83.06,50.74,75.25
74.06,74.06,80.05,51.49,73.10
68.27,68.27,73.93,58.63,74.12
67.89,67.89,74.53,57.73,73.35
68.38,68.38,66.12,64.39,75.83
68.18,68.18,69.51,65.54,77.75
65.40,65.40,67.19,66.32,76.34
61.11,61.11,65.99,66.50,78.15
61.97,61.97,67.10,55.93,75.39
57.86,57.86,76.42,56.79,76.55
51.22,51.22,84.96,54.97,75.26
50.39,50.39,82.79,58.93,74.90
52.45,52.45,82.75,62.30,76.04
55.21,55.21,81.17,64.58,76.31
58.81,58.81,84.81,67.86,77.13
66.04,66.04,81.29,72.62,76.50
73.11,73.11,81.31,67.38,75.34
74.60,74.60,82.35,62.28,76.33
81.36,81.36,82.61,66.95,76.40
80.18,80.18,80.79,67.34,72.75
80.13,80.13,72.87,62.86,70.56
79.87,79.87,74.48,58.48,69.86
81.71,81.71,73.36,66.08,74.02
80.68,80.68,70.08,73.87,74.17
80.39,80.39,72.57,71.26,71.06
82.15,82.15,64.40,67.53,67.84
80.58,80.58,61.11,67.17,71.79
78.15,78.15,54.23,66.52,68.48
75.25,75.25,67.13,65.89,70.67
74.62,74.62,71.48,55.99,73.14
73.87,73.87,78.84,43.17,75.19
75.43,75.43,85.40,35.64,72.95
75.83,75.83,81.99,29.48,67.99
76.94,76.94,77.48,23.74,68.93
80.56,80.56,78.77,40.11,68.40
82.71,82.71,70.18,46.89,66.72
81.83,81.83,71.04,46.40,67.04
80.13,80.13,68.28,46.72,70.27
79.59,79.59,70.70,42.01,70.88
77.48,77.48,69.63,36.01,72.19
73.69,73.69,63.92,24.66,78.28
68.22,68.22,65.82,26.99,79.41
67.98,67.98,61.11,20.32,78.87
61.82,61.82,58.67,20.78,74.04
63.16,63.16,53.44,25.20,73.66
65.69,65.69,61.43,29.81,74.76
73.55,73.55,59.00,33.03,76.90
81.58,81.58,57.01,28.26,77.69
80.69,80.69,54.93,36.60,75.36
79.73,79.73,59.92,41.92,72.30
77.59,77.59,76.88,56.04,75.05
76.70,76.70,81.37,59.93,70.34
77.04,77.04,68.36,67.10,67.48
79.65,79.65,65.73,75.75,69.23
81.42,81.42,61.21,87.30,67.02
82.03,82.03,58.36,86.87,68.70
81.28,81.28,57.09,87.46,71.90
80.73,80.73,52.60,86.59,74.92
80.79,80.79,47.71,86.91,75.86
79.06,79.06,51.73,85.58,72.77
78.71,78.71,51.23,86.97,71.77
77.78,77.78,51.85,87.02,71.79
78.23,78.23,48.87,86.71,72.83
74.64,74.64,45.73,86.65,75.52
74.91,74.91,43.79,84.68,73.69
75.30,75.30,39.87,86.35,69.62
74.87,74.87,37.57,80.22,74.25
72.97,72.97,33.82,67.98,75.26
75.34,75.34,43.63,62.15,73.17
81.93,81.93,54.12,56.63,71.64
81.07,81.07,64.06,55.94,70.81
81.73,81.73,68.30,55.30,73.52
81.19,81.19,67.01,52.96,74.60
80.17,80.17,65.00,49.44,75.13
78.03,78.03,61.65,37.31,75.77
77.74,77.74,57.03,43.67,74.31
79.29,79.29,52.59,41.18,72.66
73.34,73.34,49.33,43.07,73.28
69.60,69.60,53.32,41.15,74.13
61.18,61.18,64.17,33.69,74.24
55.86,55.86,72.66,28.52,73.68
55.02,55.02,83.82,20.14,76.22
57.33,57.33,85.08,17.37,73.89
75.19,75.19,76.75,19.16,70.58
73.67,73.67,78.91,15.83,69.26
75.57,75.57,76.28,34.11,68.42
78.68,78.68,71.60,46.80,68.21
79.58,79.58,72.94,47.72,70.48
79.65,79.65,73.48,50.79,71.14
81.10,81.10,69.40,53.23,69.02
78.82,78.82,71.00,54.45,68.45
77.09,77.09,72.97,51.80,70.76
77.67,77.67,85.39,45.27,73.57
77.29,77.29,84.03,45.51,70.30
80.83,80.83,82.18,42.31,69.32
81.63,81.63,81.64,47.95,66.70
82.39,82.39,79.15,52.43,66.89
78.66,78.66,84.28,58.16,69.25
74.85,74.85,77.96,52.84,70.61
78.02,78.02,80.30,53.55,72.27
76.71,76.71,82.72,56.44,70.77
76.69,76.69,81.14,62.46,73.54
75.04,75.04,83.81,66.02,74.75
74.97,74.97,81.57,64.58,75.62
72.04,72.04,84.19,67.48,75.92
68.62,68.62,82.22,69.83,74.85
72.00,72.00,78.16,68.99,74.42
72.35,72.35,73.79,60.91,74.25
75.90,75.90,65.65,52.13,73.71
75.52,75.52,63.86,39.68,72.80
78.44,78.44,63.16,36.41,70.22
82.37,82.37,69.19,33.40,69.73
80.86,80.86,75.09,21.03,69.41
80.10,80.10,85.16,12.49,73.81
80.27,80.27,82.77,8.89,67.93
78.12,78.12,84.80,10.90,66.10
76.73,76.73,85.37,18.13,73.35
77.18,77.18,81.63,21.39,79.02
76.94,76.94,86.54,26.19,76.36
75.97,75.97,83.74,20.27,69.38
78.18,78.18,86.93,24.65,75.69
68.75,68.75,83.39,25.24,78.05
70.28,70.28,84.43,30.25,77.77
68.95,68.95,82.24,29.57,76.87
75.96,75.96,79.11,31.69,75.81
73.85,73.85,82.94,35.15,71.20
81.38,81.38,75.55,37.79,72.76
83.43,83.43,77.97,38.62,72.00
72.36,72.36,70.96,31.79,74.57
73.74,73.74,65.43,32.42,75.12
70.94,70.94,58.38,29.72,73.08
68.23,68.23,62.92,19.86,75.73
66.23,66.23,71.77,28.96,73.42
74.88,74.88,85.25,29.88,69.62
76.85,76.85,72.07,31.03,68.03
80.21,80.21,66.60,28.55,68.68
81.25,81.25,63.92,41.65,71.58
80.94,80.94,60.20,53.88,74.71
79.19,79.19,57.84,55.56,77.36
76.37,76.37,52.86,41.94,74.83
69.15,69.15,47.51,37.63,71.36
73.75,73.75,43.65,38.04,75.18
74.46,74.46,48.65,48.49,73.21
71.27,71.27,48.49,41.90,76.15
71.68,71.68,47.60,46.99,76.10
75.37,75.37,43.49,52.83,81.21
78.72,78.72,42.95,48.03,75.33
79.86,79.86,44.69,45.80,74.12
78.78,78.78,46.01,50.20,80.05
76.89,76.89,42.94,44.05,76.16
77.60,77.60,44.90,49.25,73.24
81.85,81.85,50.74,49.22,77.51
80.29,80.29,59.22,46.01,72.42
78.49,78.49,71.32,48.38,73.92
78.79,78.79,71.00,44.02,76.69
76.28,76.28,68.81,28.27,71.42
78.53,78.53,63.15,43.36,71.75
75.51,75.51,59.24,46.09,75.67
76.89,76.89,54.47,41.49,73.77
76.80,76.80,50.43,51.89,76.42
78.73,78.73,54.51,47.86,74.64
74.75,74.75,63.10,42.87,72.57
73.13,73.13,68.63,47.77,74.71
71.12,71.12,82.68,46.21,74.08
65.02,65.02,82.87,41.56,72.90
59.47,59.47,81.29,34.48,69.96
61.71,61.71,77.37,42.01,70.35
64.22,64.22,73.96,53.50,71.13
68.21,68.21,66.53,60.15,74.65
68.34,68.34,62.13,57.36,73.30
71.74,71.74,69.47,52.37,78.82
72.22,72.22,72.53,46.78,74.99
77.81,77.81,70.94,40.37,71.24
74.85,74.85,77.85,24.34,71.44
65.83,65.83,84.92,18.50,74.78
64.57,64.57,80.93,18.38,70.98
62.57,62.57,81.57,21.40,73.28
58.61,58.61,83.37,35.36,73.33
67.31,67.31,82.67,39.13,75.80
75.34,75.34,87.22,38.12,73.29
77.43,77.43,81.77,30.38,72.80
74.89,74.89,86.61,36.10,73.00
76.59,76.59,84.03,43.45,74.01
83.43,83.43,82.81,40.95,76.03
80.01,80.01,82.68,43.14,74.26
70.74,70.74,79.30,42.44,75.96
67.28,67.28,80.21,40.35,76.32
68.84,68.84,80.50,39.35,76.51
69.91,69.91,75.26,39.70,75.20
74.12,74.12,72.40,41.30,75.16
78.45,78.45,53.68,36.71,74.31
82.08,82.08,59.47,29.14,72.95
80.83,80.83,64.67,20.26,73.94
73.49,73.49,68.17,16.10,70.68
68.36,68.36,77.70,9.32,70.16
62.40,62.40,86.69,9.32,74.05
55.71,55.71,84.21,16.43,70.01
58.45,58.45,78.43,24.74,70.62
59.07,59.07,79.06,26.08,74.91
63.29,63.29,75.26,29.41,77.28
68.21,68.21,73.91,41.68,74.78
66.40,66.40,80.96,51.17,74.44
70.22,70.22,77.12,50.37,73.90
77.13,77.13,81.90,43.05,74.93
81.52,81.52,74.66,48.66,73.73
83.14,83.14,80.19,50.83,77.03
81.39,81.39,82.16,55.60,71.63
81.70,81.70,78.48,65.90,74.35
80.87,80.87,73.23,59.66,75.29
80.80,80.80,57.89,53.11,75.07
80.11,80.11,58.59,32.47,75.70
79.22,79.22,56.96,20.44,73.07
76.06,76.06,62.77,28.99,73.68
76.78,76.78,69.35,48.82,69.22
77.90,77.90,80.77,58.51,73.19
80.62,80.62,78.58,71.16,68.35
78.37,78.37,66.54,72.33,70.43
80.46,80.46,64.34,85.87,70.03
82.06,82.06,60.58,87.41,74.61
80.06,80.06,61.52,87.67,71.52
79.30,79.30,64.08,87.07,74.78
80.35,80.35,60.85,86.27,73.31
77.42,77.42,52.85,85.00,70.94
75.15,75.15,48.40,85.21,72.74
77.06,77.06,50.85,86.53,78.74
78.08,78.08,51.90,86.28,76.88
77.62,77.62,50.19,85.99,76.21
79.62,79.62,45.29,85.43,71.21
79.07,79.07,52.85,85.11,73.75
77.39,77.39,56.38,83.40,74.22
69.80,69.80,50.93,74.03,73.63
73.45,73.45,49.52,50.75,79.69
75.01,75.01,45.29,53.03,77.49
73.96,73.96,46.41,54.85,75.78
72.78,72.78,44.63,46.42,77.37
71.63,71.63,45.83,40.30,75.60
72.01,72.01,48.27,48.57,76.25
76.37,76.37,52.05,36.24,77.57
77.23,77.23,52.92,34.36,73.52
72.27,72.27,48.50,49.06,76.48
77.24,77.24,44.63,48.24,73.75
81.90,81.90,45.77,42.75,74.33
75.79,75.79,55.81,33.16,74.04
64.56,64.56,64.99,23.72,72.42
63.22,63.22,67.02,13.76,72.51
63.62,63.62,84.42,3.14,74.76
56.16,56.16,85.10,4.27,71.79
70.57,70.57,76.86,7.85,71.88
71.67,71.67,79.42,4.67,70.89
79.74,79.74,73.16,22.44,67.13
83.46,83.46,74.27,30.84,69.93
81.14,81.14,68.88,32.25,71.99
80.15,80.15,73.77,26.73,71.18
77.44,77.44,68.77,15.30,72.00
76.36,76.36,67.84,4.49,69.08
69.04,69.04,78.06,2.08,70.24
65.76,65.76,85.78,0.05,72.19
66.36,66.36,82.53,-0.00,66.52
66.26,66.26,79.13,-0.00,68.98
74.23,74.23,71.76,-0.00,70.23
79.99,79.99,71.77,-0.00,71.48
82.13,82.13,69.80,0.29,73.26
82.26,82.26,64.16,0.70,72.30
77.18,77.18,67.30,-0.00,71.51
72.85,72.85,66.62,-0.00,72.24
71.89,71.89,64.42,0.00,74.56
75.41,75.41,65.85,0.20,75.52
78.60,78.60,61.55,1.98,74.91
76.26,76.26,58.02,12.53,75.71
73.95,73.95,59.54,20.27,75.67
73.71,73.71,57.74,26.21,73.92
72.25,72.25,52.90,33.68,74.11
75.56,75.56,56.85,38.59,70.61
82.08,82.08,63.67,38.99,73.97
80.18,80.18,66.10,39.15,70.48
78.16,78.16,73.77,44.27,71.80
75.72,75.72,78.19,46.51,72.95
78.45,78.45,86.84,54.11,71.17
79.53,79.53,83.06,55.87,69.61
80.66,80.66,74.38,64.55,68.01
79.58,79.58,79.04,75.71,71.65
81.15,81.15,68.70,73.87,67.33
81.48,81.48,75.77,79.81,74.31
80.63,80.63,75.72,77.87,74.64
79.68,79.68,74.89,76.00,69.75
80.57,80.57,80.21,80.77,74.89
78.06,78.06,76.12,75.59,74.88
73.94,73.94,79.04,79.56,72.31
70.67,70.67,76.98,77.54,74.71
71.15,71.15,76.31,76.91,72.50
72.47,72.47,68.48,70.58,72.34
74.90,74.90,62.20,55.23,72.35
77.05,77.05,58.45,47.30,72.09
78.75,78.75,59.43,37.76,70.96
79.13,79.13,62.54,41.92,72.38
77.63,77.63,64.26,40.56,69.94
76.54,76.54,75.42,33.44,74.51
72.62,72.62,80.94,24.38,70.97
68.25,68.25,71.22,18.55,69.43
65.51,65.51,68.26,15.07,71.13
62.74,62.74,64.70,23.94,77.33
60.60,60.60,61.10,25.12,77.65
70.53,70.53,56.41,16.38,77.39
71.15,71.15,55.33,11.80,74.93
76.28,76.28,59.04,5.37,72.40
84.50,84.50,58.78,0.87,73.04
82.41,82.41,52.65,2.81,70.39
82.15,82.15,57.07,4.29,68.64
80.16,80.16,61.15,2.95,70.85
80.37,80.37,60.15,2.79,71.61
75.94,75.94,55.53,1.48,74.74
71.99,71.99,51.70,0.06,75.16
74.57,74.57,54.32,2.14,74.81
71.52,71.52,53.28,12.85,76.58
76.65,76.65,57.21,17.17,72.84
82.28,82.28,60.58,24.58,70.53
80.19,80.19,68.18,16.62,73.39
81.13,81.13,73.05,14.18,73.64
78.68,78.68,71.43,11.94,71.20
80.45,80.45,69.49,12.44,70.11
73.36,73.36,66.13,7.21,72.56
75.49,75.49,63.58,12.88,72.06
72.14,72.14,59.77,21.23,73.90
78.12,78.12,60.40,17.18,75.20
79.64,79.64,65.25,21.33,72.16
77.70,77.70,72.91,21.82,70.00
79.96,79.96,77.32,16.42,72.29
78.78,78.78,84.59,9.75,74.62
77.80,77.80,85.08,1.06,70.54
79.86,79.86,74.68,1.49,69.37
79.12,79.12,77.58,9.66,68.56
79.14,79.14,70.05,14.03,71.22
76.97,76.97,68.63,28.41,71.80
77.86,77.86,70.71,23.51,71.93
76.65,76.65,71.73,41.11,73.40
76.37,76.37,71.38,43.46,73.64
74.17,74.17,73.29,43.48,74.50
69.45,69.45,76.89,51.62,72.89
69.75,69.75,86.64,56.25,72.57
64.87,64.87,83.63,64.29,72.54
62.54,62.54,75.14,72.91,73.74
63.72,63.72,78.02,75.79,73.73
60.55,60.55,68.19,75.77,75.89
62.27,62.27,64.08,74.40,74.79
63.11,63.11,70.71,79.53,74.85
57.34,57.34,72.30,78.61,77.37
53.97,53.97,73.08,79.34,75.23
55.47,55.47,75.92,80.23,75.00
57.23,57.23,75.06,77.70,75.41
61.08,61.08,77.57,79.82,76.10
68.57,68.57,73.30,77.67,75.93
64.31,64.31,70.40,75.78,74.57
72.75,72.75,61.88,55.45,73.78
65.10,65.10,61.60,49.73,73.83
70.94,70.94,54.08,40.86,73.91
65.49,65.49,57.00,44.56,72.19
76.53,76.53,66.73,28.11,71.95
79.03,79.03,72.90,18.39,68.86
76.16,76.16,74.96,15.21,70.57
61.04,61.04,85.63,1.75,73.29
62.42,62.42,83.10,-0.00,68.31
73.55,73.55,79.13,-0.00,65.07
75.01,75.01,72.47,0.00,71.57
75.13,75.13,70.68,3.30,74.31
74.85,74.85,75.79,12.20,77.25
71.57,71.57,68.36,15.59,76.49
73.75,73.75,70.34,11.75,75.31
79.15,79.15,69.56,1.50,73.18
81.45,81.45,67.78,2.43,70.54
83.05,83.05,61.91,2.30,72.46
82.08,82.08,62.46,3.83,72.04
81.21,81.21,62.36,5.05,70.37
81.66,81.66,60.48,9.73,71.69
80.67,80.67,57.51,10.98,70.82
78.91,78.91,60.26,5.61,71.18
73.06,73.06,55.67,17.86,71.46
71.29,71.29,53.07,33.52,71.10
70.89,70.89,58.39,44.35,69.81
66.26,66.26,71.84,53.06,71.95
70.74,70.74,83.05,66.24,71.14
76.62,76.62,71.23,74.46,70.87
77.77,77.77,67.19,87.91,71.33
78.15,78.15,65.34,85.90,71.40
79.13,79.13,63.44,87.24,71.09
78.22,78.22,58.47,87.12,71.83
78.34,78.34,51.92,87.01,67.34
80.55,80.55,53.77,86.60,67.42
78.30,78.30,50.25,85.14,67.78
78.54,78.54,51.27,86.12,65.54
79.48,79.48,53.25,86.74,66.28
77.05,77.05,54.30,86.85,65.37
78.93,78.93,50.85,86.75,67.59
79.79,79.79,46.97,86.00,72.38
78.07,78.07,44.35,81.96,70.81
81.42,81.42,43.58,70.33,66.89
80.94,80.94,46.65,62.39,67.69
81.61,81.61,55.84,58.14,65.92
79.47,79.47,66.31,60.38,68.05
79.96,79.96,71.48,52.78,69.93
77.17,77.17,73.91,53.89,71.77
73.38,73.38,72.56,49.21,73.16
69.34,69.34,70.28,50.32,72.15
74.19,74.19,66.67,49.65,72.90
75.55,75.55,61.53,44.98,70.46
81.30,81.30,57.62,28.95,67.41
80.86,80.86,54.58,37.18,66.28
82.80,82.80,56.69,28.32,61.26
79.73,79.73,62.99,35.40,61.23
82.53,82.53,69.94,32.33,59.56
78.42,78.42,81.40,15.57,63.14
74.33,74.33,87.91,2.14,62.83
68.16,68.16,78.35,1.88,54.41
60.60,60.60,77.93,14.37,56.99
56.25,56.25,74.60,26.97,60.32
56.59,56.59,63.79,34.62,57.50
67.38,67.38,69.11,40.62,64.01
71.47,71.47,76.51,54.42,61.58
80.66,80.66,76.72,57.50,63.54
81.26,81.26,72.99,54.08,72.22
80.60,80.60,76.50,40.35,69.60
73.40,73.40,88.40,37.56,67.80
66.17,66.17,81.91,39.21,68.56
66.50,66.50,79.44,39.68,71.36
70.14,70.14,71.76,43.76,70.43
75.30,75.30,82.44,50.85,73.03
76.82,76.82,80.84,49.19,74.33
77.89,77.89,86.82,54.91,74.80
76.49,76.49,81.58,48.88,74.54
76.47,76.47,85.82,52.29,73.38
73.30,73.30,82.56,51.28,71.22
79.31,79.31,83.92,54.06,71.47
82.85,82.85,82.75,57.10,68.50
82.16,82.16,79.98,57.00,68.37
81.79,81.79,74.79,56.80,68.56
81.71,81.71,76.14,52.38,64.14
81.83,81.83,76.96,53.36,64.16
81.31,81.31,76.46,51.24,63.93
80.13,80.13,63.80,42.40,63.11
76.97,76.97,62.12,38.61,61.14
77.60,77.60,69.35,39.33,62.12
76.28,76.28,81.81,40.17,65.95
65.57,65.57,88.10,46.14,66.07
53.93,53.93,80.67,51.49,58.53
66.10,66.10,78.37,54.90,53.91
74.11,74.11,83.63,59.51,56.93
74.50,74.50,77.90,54.35,59.47
73.33,73.33,66.20,61.61,72.08
73.28,73.28,68.40,67.17,76.63
79.79,79.79,81.07,72.05,74.31
80.23,80.23,75.65,68.12,74.14
73.44,73.44,77.18,70.51,74.67
74.56,74.56,78.13,70.85,74.78
71.89,71.89,77.64,70.11,75.68
68.97,68.97,79.39,72.41,75.58
70.53,70.53,70.91,64.47,75.91
70.08,70.08,67.39,54.14,75.63
77.64,77.64,65.22,44.11,72.23
82.68,82.68,61.43,22.34,69.15
82.26,82.26,62.98,20.83,66.06
80.74,80.74,64.66,20.99,66.90
79.23,79.23,83.69,9.92,71.83
79.34,79.34,75.59,3.66,63.21
79.15,79.15,68.07,13.22,67.56
79.46,79.46,67.19,23.22,69.59
78.88,78.88,61.59,21.84,69.98
78.92,78.92,58.15,18.43,70.89
81.21,81.21,56.26,21.65,67.40
83.98,83.98,54.52,21.71,67.81
81.21,81.21,55.21,32.43,65.59
77.81,77.81,51.38,30.94,63.68
75.00,75.00,53.60,26.36,65.15
72.98,72.98,51.38,32.88,64.92
74.19,74.19,52.97,29.78,69.26
76.90,76.90,48.76,19.59,68.56
79.12,79.12,44.04,9.87,71.68
78.61,78.61,47.48,9.45,70.36
79.86,79.86,52.24,9.94,70.40
79.34,79.34,48.77,8.93,67.47
78.11,78.11,57.95,8.01,67.30
72.68,72.68,67.26,9.10,63.19
81.98,81.98,73.76,5.76,66.73
80.27,80.27,70.58,0.04,64.28
80.30,80.30,70.86,0.29,66.25
80.63,80.63,67.40,5.32,66.07
79.37,79.37,63.37,9.71,69.82
78.91,78.91,60.22,10.37,68.06
79.38,79.38,58.93,10.34,68.22
79.56,79.56,56.17,5.93,64.47
78.14,78.14,55.88,4.66,63.84
77.13,77.13,67.71,9.32,67.07
76.50,76.50,75.48,12.43,67.32
75.18,75.18,85.02,10.05,69.43
76.46,76.46,86.57,3.33,63.64
77.93,77.93,78.85,11.05,57.94
77.40,77.40,78.93,15.23,59.20
77.85,77.85,71.82,12.68,60.15
72.65,72.65,66.20,11.43,60.93
69.93,69.93,73.46,11.40,62.90
59.81,59.81,74.12,3.57,63.43
61.76,61.76,75.19,9.15,66.47
67.10,67.10,74.67,3.84,70.94
60.93,60.93,81.45,-0.00,73.69
65.59,65.59,87.54,-0.00,69.72
65.98,65.98,81.25,0.03,69.56
66.48,66.48,80.41,0.01,70.38
63.96,63.96,68.85,0.01,72.09
62.60,62.60,70.58,-0.00,72.65
57.23,57.23,65.12,-0.00,73.72
55.74,55.74,68.64,-0.00,73.55
57.67,57.67,71.28,2.92,72.83
58.74,58.74,63.64,6.39,70.05
65.25,65.25,68.28,6.41,68.89
74.60,74.60,69.52,3.78,70.26
79.45,79.45,62.38,0.46,67.47
78.85,78.85,68.73,0.18,66.42
76.77,76.77,66.94,-0.00,68.13
83.62,83.62,63.06,0.10,65.91
82.32,82.32,66.53,3.89,64.98
78.69,78.69,67.70,9.40,71.09
75.77,75.77,72.37,6.63,74.91
76.95,76.95,64.22,4.89,74.58
76.20,76.20,66.17,6.56,77.31
76.64,76.64,77.40,11.13,78.30
75.95,75.95,86.48,11.05,70.93
78.36,78.36,83.18,11.55,69.11
77.36,77.36,80.45,36.18,66.93
75.16,75.16,84.26,45.24,66.36
71.23,71.23,76.99,58.41,67.34
78.42,78.42,83.96,69.91,69.22
81.22,81.22,80.63,62.05,66.67
79.54,79.54,81.70,68.24,70.39
77.83,77.83,84.47,76.52,68.37
81.32,81.32,79.35,73.25,70.16
80.26,80.26,81.29,74.20,69.97
80.94,80.94,83.64,75.11,68.74
82.18,82.18,81.15,68.77,73.01
81.22,81.22,81.64,67.69,69.51
78.89,78.89,76.80,69.86,71.71
78.51,78.51,70.87,60.67,71.62
77.91,77.91,66.30,46.09,71.00
79.09,79.09,65.66,36.58,73.04
79.15,79.15,65.30,49.26,67.13
74.79,74.79,78.29,57.03,74.87
74.31,74.31,81.16,65.42,74.98
74.73,74.73,67.70,74.12,72.06
75.20,75.20,65.21,87.52,69.93
82.47,82.47,60.75,86.77,68.33
80.72,80.72,60.47,86.14,67.18
79.00,79.00,57.17,87.46,69.27
75.48,75.48,52.80,86.57,74.86
70.26,70.26,48.51,87.14,74.88
70.86,70.86,50.98,86.57,74.43
70.19,70.19,50.15,85.17,72.44
68.29,68.29,54.37,86.51,72.56
69.79,69.79,52.90,87.21,72.72
73.54,73.54,47.83,86.67,75.86
78.13,78.13,44.28,85.69,73.64
79.64,79.64,45.77,82.43,76.47
82.23,82.23,45.69,71.08,78.88
81.53,81.53,47.96,60.21,80.49
81.26,81.26,50.71,62.66,81.58
82.17,82.17,59.46,65.75,80.71
81.29,81.29,69.33,70.15,77.77
80.81,80.81,75.70,69.65,74.86
80.47,80.47,73.75,57.28,76.27
81.75,81.75,71.30,50.59,70.22
81.88,81.88,67.38,59.57,73.68
78.50,78.50,63.41,60.87,75.32
74.58,74.58,59.08,54.55,78.53
71.82,71.82,54.95,49.61,76.25
72.79,72.79,58.50,42.52,76.98
68.16,68.16,65.85,50.83,74.96
63.28,63.28,72.39,48.28,74.51
60.13,60.13,84.23,43.01,78.04
66.83,66.83,83.64,38.55,72.48
74.16,74.16,74.72,43.25,72.95
72.90,72.90,70.81,53.75,74.57
73.04,73.04,64.17,61.13,76.42
77.14,77.14,63.22,63.73,73.05
77.73,77.73,71.15,64.41,74.36
78.67,78.67,76.28,62.20,73.29
79.69,79.69,74.27,54.29,70.71
80.69,80.69,75.92,46.73,73.00
77.76,77.76,76.60,52.28,70.63
80.80,80.80,86.00,43.88,70.47
76.94,76.94,83.14,37.22,65.48
77.39,77.39,79.15,52.24,65.23
75.53,75.53,80.87,51.83,70.17
68.76,68.76,72.11,51.41,74.30
66.45,66.45,81.83,63.30,78.08
64.94,64.94,83.59,55.46,77.66
66.22,66.22,82.09,60.70,75.72
70.71,70.71,84.12,66.09,73.44
74.39,74.39,84.44,61.48,76.50
72.76,72.76,80.18,69.57,75.90
68.05,68.05,82.46,67.50,74.59
71.42,71.42,80.97,73.74,74.45
75.79,75.79,81.47,68.73,75.78
76.95,76.95,79.11,70.62,80.91
80.60,80.60,73.46,67.07,80.63
80.61,80.61,67.78,62.15,79.11
80.31,80.31,60.40,53.69,83.20
76.93,76.93,64.63,61.66,80.92
77.02,77.02,72.43,63.03,74.05
78.55,78.55,77.29,66.30,72.33
76.51,76.51,89.67,53.98,72.55
77.18,77.18,81.55,37.69,68.99
76.98,76.98,78.93,35.81,71.53
80.64,80.64,84.62,49.84,74.88
77.65,77.65,83.01,44.43,76.24
78.60,78.60,84.90,50.95,79.55
76.21,76.21,83.35,49.73,78.43
78.00,78.00,84.81,45.37,79.30
78.68,78.68,76.43,37.39,78.44
77.05,77.05,83.46,44.38,77.82
73.82,73.82,79.35,52.21,76.33
71.36,71.36,82.83,56.43,76.36
63.67,63.67,78.78,56.90,76.82
63.57,63.57,76.00,54.54,79.66
65.40,65.40,78.08,50.83,82.12
66.98,66.98,74.38,38.76,78.84
69.65,69.65,70.53,50.01,79.11
78.17,78.17,66.05,56.53,83.50
82.13,82.13,73.06,65.49,79.17
81.89,81.89,70.70,62.76,74.91
78.10,78.10,80.96,60.23,78.21
79.95,79.95,73.55,50.87,75.02
79.34,79.34,66.10,56.48,73.38
80.31,80.31,62.17,69.42,70.95
81.23,81.23,58.86,66.83,77.48
77.09,77.09,55.46,54.39,79.96
74.56,74.56,54.75,53.16,79.08
71.88,71.88,56.72,53.94,78.44
73.10,73.10,59.64,43.06,82.77
74.61,74.61,56.16,45.22,80.30
78.38,78.38,52.05,54.96,78.75
80.32,80.32,53.86,60.73,72.90
79.61,79.61,51.07,69.99,73.67
78.44,78.44,48.56,71.97,77.43
73.01,73.01,44.62,61.50,79.80
77.04,77.04,44.59,57.69,82.42
77.56,77.56,47.76,57.17,78.88
73.89,73.89,52.04,60.13,81.64
77.23,77.23,58.26,61.01,80.81
76.63,76.63,58.05,60.67,82.26
77.45,77.45,70.20,73.14,76.96
75.45,75.45,70.87,70.85,76.30
76.53,76.53,67.46,58.99,78.88
76.09,76.09,62.30,60.82,79.73
77.76,77.76,58.34,57.40,79.50
75.81,75.81,53.01,55.28,84.55
78.56,78.56,52.56,53.23,79.23
75.55,75.55,54.52,52.76,79.89
76.71,76.71,67.85,54.19,80.57
75.41,75.41,76.95,51.42,75.67
74.64,74.64,76.96,48.40,74.74
75.22,75.22,86.01,41.74,72.63
74.94,74.94,79.78,46.41,73.05
78.97,78.97,78.86,50.42,73.72
77.85,77.85,73.94,46.88,80.02
76.36,76.36,69.68,43.18,81.37
78.50,78.50,63.13,49.16,81.81
76.78,76.78,68.30,54.03,79.16
74.74,74.74,72.31,63.99,82.95
76.87,76.87,77.43,59.63,78.18
71.93,71.93,77.53,47.36,70.92
76.40,76.40,83.44,49.86,71.74
72.87,72.87,88.28,61.15,68.64
75.68,75.68,85.89,61.22,75.28
76.44,76.44,74.51,66.82,79.78
80.39,80.39,81.24,67.61,78.85
79.24,79.24,84.53,62.33,80.89
79.63,79.63,82.18,70.42,76.82
78.57,78.57,85.82,75.73,78.84
80.29,80.29,82.55,73.61,75.34
78.29,78.29,82.03,71.04,79.69
78.11,78.11,83.53,71.99,77.04
77.86,77.86,77.90,72.11,80.40
77.84,77.84,80.05,71.76,76.72
78.66,78.66,75.47,73.98,79.46
77.11,77.11,74.31,73.11,78.53
77.21,77.21,76.90,71.72,78.03
76.56,76.56,69.26,73.44,77.16
76.39,76.39,65.74,75.14,77.91
75.29,75.29,56.17,74.92,75.14
73.00,73.00,63.39,73.57,76.07
75.43,75.43,72.61,72.61,75.13
71.19,71.19,75.36,65.18,73.33
68.93,68.93,85.45,68.32,75.18
68.76,68.76,85.41,66.29,77.08
67.81,67.81,83.59,61.09,74.47
67.80,67.80,80.34,59.76,75.62
70.04,70.04,68.45,62.76,76.47
70.99,70.99,80.72,67.18,77.79
68.77,68.77,76.96,71.39,77.97
66.94,66.94,80.31,71.95,75.75
63.36,63.36,82.88,69.00,78.49
65.86,65.86,79.44,69.12,74.72
68.36,68.36,83.26,65.36,77.85
67.89,67.89,78.11,62.04,79.85
59.61,59.61,77.47,53.93,77.61
60.95,60.95,69.42,46.03,75.40
61.37,61.37,64.01,49.63,80.00
61.66,61.66,61.45,47.16,74.98
61.63,61.63,58.45,50.31,74.05
58.83,58.83,60.41,53.41,78.36
56.34,56.34,65.09,55.09,75.24
49.45,49.45,69.66,54.20,76.23
51.32,51.32,83.77,62.70,77.37
41.31,41.31,76.75,64.95,71.98
35.79,35.79,73.43,69.60,75.00
33.47,33.47,66.30,77.15,74.18
30.00,30.00,71.04,87.92,77.69
31.49,31.49,70.04,86.55,78.91
34.73,34.73,64.52,86.74,76.04
35.05,35.05,57.98,87.61,76.91
42.18,42.18,52.64,85.84,76.91
40.42,40.42,51.47,86.56,77.84
37.44,37.44,51.49,86.41,76.55
36.70,36.70,55.54,85.62,75.03
35.09,35.09,53.35,87.10,77.41
33.34,33.34,48.92,85.93,79.42
30.38,30.38,44.98,85.52,77.31
28.69,28.69,41.17,85.91,80.17
26.73,26.73,40.20,83.85,79.25
25.35,25.35,40.01,68.27,77.33
24.21,24.21,43.17,67.64,79.64
21.13,21.13,49.28,73.56,79.23
24.91,24.91,66.80,68.96,77.81
23.31,23.31,69.92,63.66,78.07
18.50,18.50,69.59,72.55,75.90
20.40,20.40,67.41,66.41,79.45
19.93,19.93,61.45,71.71,79.29
19.58,19.58,56.69,69.12,77.22
21.13,21.13,53.55,70.66,78.08
20.09,20.09,53.01,71.74,76.13
20.84,20.84,60.85,64.50,76.30
19.71,19.71,71.04,67.63,76.77
20.82,20.82,76.59,63.42,77.38
17.11,17.11,87.90,57.22,71.69
22.19,22.19,83.84,52.16,72.59
25.84,25.84,79.84,52.70,76.84
24.73,24.73,74.00,55.00,77.92
15.69,15.69,76.89,62.27,79.67
24.49,24.49,72.86,64.32,78.04
25.35,25.35,69.96,67.43,79.26
19.35,19.35,73.33,76.39,75.92
15.55,15.55,73.77,82.69,77.00
11.16,11.16,77.38,82.25,78.81
15.35,15.35,82.71,77.53,73.43
11.75,11.75,87.54,75.06,66.11
17.09,17.09,77.35,79.48,67.58
19.88,19.88,76.83,85.81,76.50
19.91,19.91,69.15,84.44,79.52
21.94,21.94,73.92,82.92,80.95
21.40,21.40,71.80,84.04,81.17
19.69,19.69,71.36,82.35,78.26
21.11,21.11,68.91,82.28,78.92
23.17,23.17,72.32,84.80,76.92
29.20,29.20,70.12,81.11,78.34
32.02,32.02,73.24,82.82,78.46
30.63,30.63,70.19,84.62,78.73
27.18,27.18,64.12,82.40,79.39
26.46,26.46,66.32,80.73,80.63
27.34,27.34,59.92,66.34,79.90
27.71,27.71,52.96,57.79,80.44
28.37,28.37,49.40,55.06,78.76
24.35,24.35,57.66,39.77,73.73
19.23,19.23,67.84,42.34,75.16
15.26,15.26,71.86,31.23,72.81
15.61,15.61,81.14,29.93,73.48
6.42,6.42,86.94,27.37,69.20
9.76,9.76,84.00,47.44,68.31
15.25,15.25,81.21,67.72,72.34
19.05,19.05,82.85,72.94,73.49
22.39,22.39,81.47,75.90,75.16
23.74,23.74,83.95,82.96,75.03
21.85,21.85,81.67,83.55,76.98
23.06,23.06,82.99,84.72,75.30
23.68,23.68,82.59,83.12,74.99
25.23,25.23,79.20,85.07,74.15
26.47,26.47,81.76,86.41,76.50
25.24,25.24,76.79,84.80,76.15
25.63,25.63,76.05,85.54,72.47
20.56,20.56,76.18,87.02,75.62
20.14,20.14,67.07,87.35,77.38
23.15,23.15,60.00,86.15,77.61
24.79,24.79,54.35,86.18,76.94
17.11,17.11,61.42,86.04,75.74
8.03,8.03,66.33,81.88,73.87
6.95,6.95,78.39,67.72,76.04
6.79,6.79,82.07,64.39,74.86
10.32,10.32,71.52,63.48,68.21
7.13,7.13,65.88,61.59,74.52
12.12,12.12,62.06,59.41,76.42
15.72,15.72,58.62,63.52,77.49
17.55,17.55,52.68,61.80,77.08
18.56,18.56,48.82,64.32,77.93
16.93,16.93,44.30,64.09,77.41
20.48,20.48,46.29,61.15,76.65
21.85,21.85,44.91,50.94,78.47
35.76,35.76,53.16,66.66,77.84
38.53,38.53,54.30,66.36,79.22
34.45,34.45,50.37,65.14,78.35
32.23,32.23,48.08,61.88,73.84
27.45,27.45,44.77,49.29,79.25
23.46,23.46,41.16,57.71,80.46
19.38,19.38,42.30,56.33,78.59
15.27,15.27,44.19,52.29,80.76
8.63,8.63,47.59,55.58,78.09
8.33,8.33,59.77,52.51,78.00
9.78,9.78,70.48,41.57,78.15
14.91,14.91,70.32,46.17,80.57
9.69,9.69,68.15,52.03,76.21
7.43,7.43,63.42,57.63,79.40
7.49,7.49,60.03,55.11,77.55
12.64,12.64,56.09,57.68,77.67
17.82,17.82,51.76,64.39,80.00
20.39,20.39,55.88,65.64,77.00
19.16,19.16,61.88,62.56,78.95
18.11,18.11,67.96,52.70,75.21
17.22,17.22,81.22,32.64,73.80
14.62,14.62,88.07,17.56,69.16
20.73,20.73,81.08,1.35,72.32
20.30,20.30,78.62,14.34,73.84
21.55,21.55,75.30,19.80,76.32
15.80,15.80,70.30,39.03,79.09
15.02,15.02,64.49,48.70,78.82
13.96,13.96,57.82,51.45,79.86
13.89,13.89,64.40,46.63,78.24
11.28,11.28,72.19,34.40,76.13
8.94,8.94,73.88,14.30,71.84
12.41,12.41,85.62,6.89,71.76
11.79,11.79,83.06,3.47,72.29
13.12,13.12,81.39,13.66,68.12
17.11,17.11,77.75,22.59,73.25
17.50,17.50,82.41,29.01,79.68
18.99,18.99,84.44,29.44,79.68
15.76,15.76,86.36,28.28,81.71
16.08,16.08,84.49,28.45,79.04
15.09,15.09,87.09,26.83,78.28
17.36,17.36,83.20,29.13,76.75
25.37,25.37,84.94,31.10,77.88
26.94,26.94,82.79,28.31,78.11
26.21,26.21,78.61,31.98,78.82
22.95,22.95,82.23,31.31,78.91
21.24,21.24,75.40,16.57,80.31
21.98,21.98,70.46,4.59,78.96
21.04,21.04,58.93,19.70,79.97
19.89,19.89,54.16,29.80,78.55
15.65,15.65,61.77,27.24,74.09
11.65,11.65,70.89,23.03,74.75
11.57,11.57,75.82,3.80,73.79
4.19,4.19,83.17,-0.00,70.92
7.46,7.46,80.99,-0.00,64.37
13.96,13.96,78.74,-0.00,67.92
16.28,16.28,86.71,-0.00,74.27
19.21,19.21,79.48,-0.00,73.42
19.55,19.55,84.97,-0.00,75.80
19.30,19.30,79.85,-0.00,75.04
20.21,20.21,81.35,7.28,75.54
22.57,22.57,80.62,18.66,76.47
24.31,24.31,83.68,32.45,75.53
24.70,24.70,80.14,33.21,73.57
23.11,23.11,78.23,37.26,76.27
21.55,21.55,73.13,38.98,76.84
21.80,21.80,72.16,45.30,73.64
19.95,19.95,73.23,38.87,75.86
21.15,21.15,69.57,39.25,77.44
21.27,21.27,58.68,35.85,76.78
19.39,19.39,60.39,44.29,75.75
11.10,11.10,67.72,49.63,75.76
6.31,6.31,74.59,57.48,74.05
7.53,7.53,85.41,62.07,77.48
10.28,10.28,74.00,64.09,69.60
16.93,16.93,70.02,86.48,70.64
20.33,20.33,63.44,87.75,72.69
18.53,18.53,63.87,86.95,76.61
17.12,17.12,61.21,88.66,76.51
17.89,17.89,56.70,87.73,77.66
15.06,15.06,54.86,87.61,78.26
15.77,15.77,56.61,86.55,76.81
17.19,17.19,53.90,85.73,77.66
25.16,25.16,56.26,88.76,75.65
31.01,31.01,56.42,88.34,77.35
26.44,26.44,54.56,88.31,77.80
26.90,26.90,51.54,87.49,77.03
25.93,25.93,47.87,85.47,75.04
22.18,22.18,44.68,74.32,79.49
19.02,19.02,44.61,72.40,78.32
23.35,23.35,44.93,67.24,79.27
21.92,21.92,46.49,65.54,80.15
13.13,13.13,53.09,67.98,77.69
11.26,11.26,69.65,63.22,78.37
14.22,14.22,70.58,60.70,79.45
20.93,20.93,67.87,65.00,77.95
15.08,15.08,64.54,65.44,77.61
5.99,5.99,60.02,63.97,77.54
10.83,10.83,58.05,63.89,79.65
16.50,16.50,52.00,54.40,76.77
19.70,19.70,51.87,64.80,78.70
19.88,19.88,58.99,65.91,77.58
17.18,17.18,67.24,60.54,78.25
16.59,16.59,75.72,46.34,74.86
13.69,13.69,87.93,34.68,71.82
17.57,17.57,84.12,24.87,71.89
19.06,19.06,77.41,11.72,74.94
19.23,19.23,75.64,18.06,75.63
18.40,18.40,66.23,30.36,76.55
14.39,14.39,71.23,37.18,79.23
13.20,13.20,78.61,34.49,77.78
10.91,10.91,77.41,18.65,78.18
9.72,9.72,74.50,19.07,77.30
9.70,9.70,76.70,19.76,76.76
10.10,10.10,76.25,25.52,73.50
6.90,6.90,81.71,27.23,74.04
8.49,8.49,82.70,27.55,69.79
13.98,13.98,79.06,21.61,75.90
14.54,14.54,80.86,13.20,79.25
16.31,16.31,82.44,12.99,80.82
16.16,16.16,82.12,19.37,80.91
14.17,14.17,82.04,25.66,78.30
16.02,16.02,81.04,30.70,78.42
18.03,18.03,79.13,31.10,76.32
24.48,24.48,81.80,30.16,77.43
25.50,25.50,77.58,36.92,79.37
25.26,25.26,76.58,26.26,78.54
20.55,20.55,68.96,6.58,79.17
23.09,23.09,69.62,-0.00,79.88
24.17,24.17,65.90,-0.00,79.37
25.13,25.13,59.31,6.96,80.31
26.74,26.74,52.69,15.04,77.72
23.77,23.77,58.70,13.75,72.77
15.86,15.86,71.45,13.19,75.69
16.73,16.73,73.20,0.66,75.02
14.76,14.76,83.15,-0.00,73.97
8.12,8.12,84.77,-0.00,66.19
13.25,13.25,80.14,-0.00,67.49
17.58,17.58,82.27,-0.00,73.19
20.14,20.14,83.07,11.77,71.94
22.42,22.42,78.81,27.59,75.25
24.17,24.17,78.38,36.93,73.90
21.19,21.19,84.41,43.65,75.22
22.14,22.14,82.51,39.77,75.55
25.31,25.31,83.65,45.80,76.00
27.90,27.90,83.93,38.18,74.66
26.28,26.28,83.59,48.17,76.75
23.83,23.83,85.59,46.51,76.10
22.21,22.21,81.28,43.65,74.06
19.69,19.69,80.66,49.44,75.59
20.45,20.45,68.18,49.68,77.16
22.29,22.29,64.66,48.33,76.48
21.60,21.60,55.90,34.35,79.77
20.97,20.97,62.84,36.47,76.86
29.70,29.70,67.26,35.58,76.78
35.70,35.70,82.46,41.09,83.68
34.19,34.19,81.50,52.32,75.01
26.15,26.15,68.52,55.67,70.44
15.73,15.73,67.32,53.25,72.02
15.66,15.66,63.08,42.88,76.35
19.00,19.00,59.81,56.77,76.67
19.81,19.81,53.01,61.94,78.14
19.97,19.97,52.44,65.73,79.48
19.13,19.13,55.17,65.42,77.18
23.02,23.02,49.28,66.11,78.35
24.30,24.30,44.34,64.77,78.33
35.87,35.87,53.89,63.68,77.64
37.55,37.55,54.01,64.93,78.48
33.96,33.96,49.97,65.22,78.61
30.94,30.94,48.07,61.90,75.05
26.20,26.20,44.16,55.65,80.29
22.50,22.50,42.41,61.14,79.83
21.46,21.46,42.51,59.85,79.13
26.64,26.64,43.33,55.56,81.04
22.07,22.07,49.36,62.70,77.46
18.89,18.89,63.94,52.17,78.01
14.84,14.84,70.87,55.75,80.83
14.63,14.63,69.46,55.42,78.06
20.24,20.24,67.00,56.77,77.90
32.73,32.73,63.41,62.54,78.57
39.33,39.33,60.00,62.86,79.42
45.19,45.19,56.13,60.53,78.48
51.70,51.70,52.56,69.31,79.19
61.89,61.89,52.87,69.76,79.18
63.58,63.58,61.33,68.78,79.74
57.57,57.57,65.30,63.12,79.35
61.23,61.23,79.40,54.01,77.67
61.35,61.35,87.80,48.92,74.35
51.24,51.24,82.56,45.97,74.26
40.30,40.30,79.96,35.83,73.87
32.08,32.08,74.26,34.08,76.94
27.05,27.05,68.06,45.64,78.95
21.71,21.71,68.98,62.18,78.76
16.33,16.33,65.93,70.42,78.53
14.65,14.65,67.36,70.06,78.73
12.53,12.53,72.85,66.28,75.18
11.99,11.99,72.48,57.94,73.97
9.13,9.13,87.20,47.63,74.18
13.58,13.58,86.67,46.07,72.38
13.89,13.89,76.02,63.62,76.56
14.61,14.61,78.83,70.08,78.91
15.75,15.75,74.00,74.95,81.28
13.91,13.91,71.12,72.81,83.00
13.67,13.67,72.72,75.16,81.93
13.94,13.94,76.59,78.69,78.38
16.02,16.02,75.41,76.09,80.83
16.06,16.06,76.91,80.88,77.20
20.15,20.15,76.37,76.94,80.23
21.27,21.27,75.61,78.86,79.19
18.31,18.31,76.50,77.70,80.35
19.44,19.44,71.32,75.23,76.16
20.56,20.56,66.25,71.03,81.16
23.29,23.29,54.02,65.82,78.18
23.06,23.06,52.37,62.34,77.36
20.93,20.93,55.16,61.62,79.60
16.07,16.07,63.02,63.25,77.71
14.40,14.40,65.74,62.82,75.41
14.26,14.26,73.76,53.47,74.61
9.71,9.71,87.46,48.06,72.87
13.10,13.10,85.21,22.09,70.85
18.12,18.12,83.51,23.11,74.00
16.92,16.92,84.25,28.64,74.34
21.09,21.09,83.06,32.22,75.26
22.46,22.46,86.95,43.16,77.23
22.35,22.35,83.18,50.84,76.83
21.01,21.01,86.74,52.01,75.83
18.89,18.89,84.01,54.89,75.73
20.23,20.23,85.78,60.04,76.57
22.38,22.38,79.90,58.86,75.38
17.01,17.01,77.24,60.66,77.02
19.18,19.18,79.65,55.73,75.52
19.44,19.44,78.67,58.88,77.71
19.13,19.13,76.57,57.53,77.03
20.12,20.12,72.56,61.47,79.00
21.07,21.07,60.92,58.95,78.86
20.34,20.34,56.22,56.14,74.84
10.62,10.62,62.57,61.97,79.43
7.03,7.03,64.94,58.18,76.74
7.62,7.62,81.84,59.48,81.33
9.69,9.69,74.03,61.88,71.83
16.26,16.26,70.63,65.71,71.52
14.49,14.49,64.64,75.11,75.73
15.95,15.95,62.69,79.82,73.22
17.43,17.43,60.47,88.58,76.74
17.62,17.62,52.64,86.47,77.28
16.74,16.74,55.16,87.83,75.94
16.95,16.95,53.10,86.55,75.78
17.66,17.66,46.02,89.99,76.50
24.12,24.12,49.07,87.75,76.59
34.37,34.37,56.08,88.12,75.32
32.52,32.52,54.18,86.81,77.28
29.77,29.77,52.14,87.66,73.76
28.10,28.10,47.87,87.64,78.93
24.67,24.67,45.26,88.35,77.46
22.77,22.77,43.47,88.17,79.13
22.43,22.43,43.99,82.27,79.57
20.70,20.70,50.53,73.14,77.91
19.95,19.95,59.07,68.04,79.64
21.09,21.09,70.10,72.33,77.53
22.69,22.69,69.99,69.15,77.49
19.99,19.99,67.78,70.43,78.92
10.87,10.87,64.90,72.03,74.24
6.71,6.71,60.45,68.04,79.23
12.73,12.73,56.08,71.24,77.99
17.59,17.59,51.63,71.54,77.62
20.34,20.34,52.35,71.25,77.53
19.78,19.78,56.88,70.45,76.09
17.23,17.23,64.26,63.21,76.21
13.93,13.93,77.66,52.58,74.89
11.80,11.80,88.34,45.60,72.63
18.20,18.20,82.61,30.56,72.26
19.47,19.47,80.01,18.32,73.97
19.37,19.37,79.14,22.29,76.70
12.97,12.97,69.75,34.46,77.92
9.47,9.47,74.04,55.81,80.22
10.83,10.83,69.58,67.53,77.28
10.59,10.59,70.05,72.17,77.78
8.54,8.54,76.06,81.64,75.76
9.26,9.26,73.50,81.73,74.83
9.47,9.47,85.03,83.25,71.23
9.57,9.57,84.47,84.89,69.65
12.68,12.68,66.80,82.23,69.42
16.54,16.54,75.95,85.35,77.60
16.60,16.60,69.24,83.05,78.94
16.75,16.75,72.94,84.30,81.55
15.14,15.14,70.22,84.53,80.77
15.49,15.49,67.89,83.29,78.33
14.91,14.91,71.32,85.87,76.83
16.68,16.68,69.52,83.45,77.55
22.12,22.12,67.30,82.77,78.17
23.17,23.17,68.09,85.18,80.27
23.23,23.23,64.41,82.99,78.66
20.59,20.59,68.09,85.79,80.11
22.36,22.36,63.82,86.28,79.36
23.45,23.45,58.45,79.09,79.06
23.67,23.67,56.22,70.76,80.04
24.32,24.32,56.47,54.66,77.66
20.32,20.32,59.69,58.80,75.42
11.51,11.51,65.59,52.19,75.38
13.61,13.61,74.35,45.99,73.61
10.62,10.62,84.94,44.35,74.06
5.01,5.01,86.43,43.35,63.38
12.60,12.60,79.62,53.84,65.70
17.48,17.48,74.93,56.94,74.17
20.68,20.68,71.13,67.04,73.10
22.24,22.24,72.74,82.68,72.32
24.01,24.01,73.68,87.01,76.55
20.92,20.92,71.57,86.51,75.73
19.92,19.92,70.33,86.53,75.27
22.25,22.25,71.50,86.80,73.99
24.11,24.11,80.40,88.11,75.64
23.27,23.27,75.20,86.58,74.21
21.78,21.78,74.94,86.42,73.74
19.66,19.66,74.86,88.09,73.17
20.62,20.62,73.99,89.70,74.28
19.33,19.33,67.79,87.16,78.21
18.64,18.64,60.27,86.78,78.31
17.25,17.25,62.04,87.58,77.72
11.63,11.63,67.26,86.54,74.91
5.60,5.60,69.53,76.11,76.53
6.01,6.01,80.07,69.47,76.95
9.84,9.84,79.14,68.64,67.27
17.34,17.34,70.10,57.83,67.10
16.85,16.85,65.72,52.33,72.24
13.86,13.86,61.68,62.27,77.27
13.28,13.28,58.34,64.07,75.73
15.54,15.54,61.40,65.00,78.40
16.69,16.69,55.93,65.49,77.42
14.55,14.55,48.02,64.94,77.52
17.10,17.10,48.28,56.94,77.86
18.63,18.63,49.98,63.53,80.11
26.69,26.69,55.17,65.17,77.89
30.14,30.14,55.10,59.40,76.18
27.79,27.79,51.17,57.85,79.16
26.87,26.87,50.14,56.79,74.48
22.38,22.38,46.88,47.17,79.52
21.61,21.61,50.69,53.97,79.11
22.89,22.89,44.46,48.30,79.65
18.46,18.46,45.18,51.61,81.92
8.86,8.86,49.23,54.69,78.43
11.24,11.24,64.82,49.04,79.95
19.58,19.58,70.71,54.89,78.75
21.22,21.22,69.20,48.34,77.83
18.50,18.50,67.16,44.92,77.52
7.16,7.16,62.98,55.40,77.77
8.01,8.01,59.07,51.74,80.33
14.05,14.05,55.52,56.95,77.89
17.48,17.48,51.28,59.47,78.88
18.76,18.76,55.60,49.74,76.99
17.20,17.20,69.67,39.73,78.37
16.61,16.61,69.86,43.53,76.74
13.51,13.51,79.62,45.64,73.08
11.60,11.60,88.38,40.62,73.46
17.98,17.98,82.27,48.72,71.73
17.05,17.05,79.40,41.86,74.39
20.29,20.29,69.56,47.30,76.63
12.40,12.40,66.36,56.45,79.19
10.98,10.98,58.12,71.91,79.91
12.12,12.12,56.84,76.20,79.10
8.95,8.95,59.26,75.14,78.24
6.00,6.00,71.50,69.55,75.38
5.76,5.76,75.09,54.42,76.53
5.20,5.20,87.60,39.28,74.24
6.72,6.72,83.95,29.86,67.64
12.56,12.56,80.16,20.46,76.85
13.30,13.30,76.29,10.16,79.23
15.69,15.69,68.98,11.08,81.05
15.75,15.75,65.79,8.61,80.32
14.18,14.18,58.98,13.29,77.95
14.84,14.84,63.37,17.27,77.85
15.91,15.91,67.03,25.55,77.47
16.12,16.12,63.06,28.57,77.98
20.28,20.28,62.94,29.41,79.31
19.46,19.46,61.90,24.60,78.73
17.69,17.69,62.44,15.94,80.55
20.48,20.48,62.57,2.20,79.94
21.52,21.52,58.35,1.24,79.54
22.71,22.71,57.51,10.70,79.34
23.63,23.63,53.59,19.49,77.11
24.91,24.91,55.18,25.17,76.70
19.29,19.29,62.05,24.72,75.32
14.81,14.81,71.01,16.57,72.11
18.75,18.75,76.97,7.17,72.55
8.24,8.24,87.47,1.54,69.13
8.84,8.84,83.19,0.32,63.73
15.24,15.24,83.82,9.88,72.26
17.11,17.11,85.75,30.30,72.77
18.25,18.25,81.43,40.42,73.95
19.26,19.26,84.64,46.07,75.92
21.59,21.59,81.04,60.58,73.89
21.50,21.50,85.17,66.78,75.10
19.90,19.90,86.22,65.70,73.67
23.56,23.56,84.97,59.68,75.66
25.03,25.03,81.40,65.64,74.63
21.21,21.21,83.48,70.96,73.35
20.08,20.08,80.09,72.00,74.36
18.30,18.30,81.92,69.19,77.07
19.59,19.59,73.17,65.77,77.00
19.24,19.24,61.66,64.72,79.26
19.82,19.82,60.05,58.85,77.83
30.03,30.03,58.63,60.55,74.22
41.20,41.20,61.88,57.66,77.73
43.57,43.57,68.86,60.70,71.40
39.39,39.39,83.75,64.79,78.20
28.34,28.34,73.68,69.89,70.64
18.54,18.54,66.47,77.47,68.66
28.36,28.36,66.56,89.12,74.56
34.56,34.56,63.15,87.30,75.36
33.88,33.88,62.94,87.55,77.85
28.25,28.25,58.67,88.01,76.07
19.49,19.49,49.29,87.79,75.23
18.72,18.72,47.34,86.33,76.04
24.70,24.70,51.82,88.08,75.73
29.98,29.98,54.36,87.65,77.41
36.12,36.12,56.15,88.39,75.07
32.72,32.72,51.98,87.66,77.45
27.22,27.22,51.75,87.35,74.34
23.27,23.27,48.16,87.11,79.24
23.81,23.81,47.31,84.10,76.93
27.91,27.91,46.77,68.68,80.49
22.60,22.60,45.03,67.37,80.57
17.81,17.81,49.51,68.86,76.60
18.31,18.31,55.58,66.06,78.28
25.55,25.55,68.40,70.91,78.90
33.15,33.15,70.03,65.19,76.31
28.66,28.66,69.75,70.76,78.66
21.66,21.66,66.51,69.24,75.02
14.21,14.21,62.72,82.09,78.19
17.53,17.53,57.81,71.66,76.79
21.89,21.89,53.55,76.70,79.25
24.33,24.33,54.00,73.31,75.52
23.83,23.83,57.66,81.67,78.05
21.22,21.22,65.23,82.11,77.43
20.41,20.41,68.63,84.09,75.45
16.97,16.97,85.26,80.36,72.70
15.66,15.66,86.97,79.16,68.47
18.30,18.30,83.34,71.63,73.03
19.02,19.02,83.32,69.61,75.73
17.56,17.56,76.74,64.06,78.25
13.50,13.50,71.74,59.74,80.16
15.58,15.58,67.55,66.30,78.29
13.98,13.98,63.23,63.73,78.45
11.95,11.95,70.09,59.43,75.21
11.52,11.52,72.63,52.40,75.15
11.76,11.76,81.73,43.74,73.74
13.50,13.50,87.81,42.33,66.79
18.51,18.51,74.39,32.15,76.84
22.18,22.18,75.85,34.93,78.98
24.91,24.91,83.94,31.73,80.91
27.64,27.64,82.71,24.88,79.83
26.48,26.48,83.14,21.33,77.84
24.21,24.21,85.56,23.71,76.76
21.96,21.96,84.82,27.52,77.08
25.73,25.73,86.49,27.12,78.24
37.68,37.68,82.06,27.33,78.97
43.93,43.93,81.77,23.79,78.32
39.69,39.69,84.07,28.39,80.66
28.52,28.52,78.95,31.92,79.14
33.83,33.83,78.30,30.93,78.96
36.77,36.77,62.88,24.61,79.37
39.99,39.99,58.67,21.98,75.77
42.67,42.67,55.86,23.79,75.91
45.00,45.00,65.40,29.10,75.26
41.39,41.39,69.86,21.71,73.03
45.67,45.67,73.50,8.65,72.46
43.00,43.00,86.36,3.73,71.61
54.88,54.88,84.92,-0.00,73.26
55.98,55.98,85.34,-0.00,74.58
54.52,54.52,84.74,3.07,75.58
53.15,53.15,82.98,11.93,77.12
53.63,53.63,83.36,22.42,77.93
58.01,58.01,83.34,16.06,70.86
60.68,60.68,81.22,30.06,73.22
68.87,68.87,86.25,40.25,75.25
71.34,71.34,81.34,41.80,77.85
70.35,70.35,79.53,37.15,74.75
70.71,70.71,74.00,43.78,77.29
70.88,70.88,76.57,34.70,75.65
70.46,70.46,79.35,21.81,78.48
69.58,69.58,71.62,25.96,78.89
65.51,65.51,69.73,26.64,76.15
59.85,59.85,64.33,23.04,77.66
62.18,62.18,62.17,22.78,77.14
60.79,60.79,60.90,25.46,75.83
58.59,58.59,64.05,25.12,76.53
50.22,50.22,81.84,16.80,80.96
45.53,45.53,76.74,24.91,69.69
47.98,47.98,69.40,27.40,71.48
57.91,57.91,65.45,25.85,75.69
64.50,64.50,63.37,29.17,74.96
64.08,64.08,61.59,40.20,78.14
64.69,64.69,59.37,49.50,78.15
65.64,65.64,51.55,58.44,76.41
63.74,63.74,52.91,62.64,76.24
65.83,65.83,50.77,62.24,77.56
69.17,69.17,45.63,56.30,78.73
68.16,68.16,54.02,49.32,77.09
67.22,67.22,53.20,53.57,75.76
60.55,60.55,49.37,52.09,80.10
63.18,63.18,46.00,51.07,79.11
56.70,56.70,42.18,50.05,79.82
52.46,52.46,40.05,40.78,81.62
55.22,55.22,40.05,50.79,78.24
54.37,54.37,42.83,54.30,78.38
57.23,57.23,47.26,59.86,78.95
49.35,49.35,66.20,61.02,76.84
55.77,55.77,70.66,61.18,77.72
57.14,57.14,70.27,64.66,77.96
58.60,58.60,71.15,62.86,78.85
64.48,64.48,64.85,58.25,78.67
62.04,62.04,58.30,66.80,78.24
64.80,64.80,55.33,69.93,77.67
66.75,66.75,49.68,68.19,81.90
57.51,57.51,51.78,67.16,76.16
54.99,54.99,60.88,61.15,78.00
53.13,53.13,72.48,64.23,73.78
51.35,51.35,82.85,63.40,80.17
44.21,44.21,85.68,58.59,73.66
53.89,53.89,72.93,61.76,74.67
61.36,61.36,74.16,68.27,78.98
58.38,58.38,65.24,71.67,79.21
60.88,60.88,62.24,74.03,78.28
56.29,56.29,50.76,71.81,79.42
51.20,51.20,57.44,67.36,79.73
53.36,53.36,68.86,68.36,79.69
46.60,46.60,75.08,67.08,75.97
34.99,34.99,77.70,65.81,75.54
30.06,30.06,88.13,61.95,71.26
31.02,31.02,78.95,55.80,73.95
34.57,34.57,79.10,52.11,74.15
36.19,36.19,80.87,54.29,75.19
36.47,36.47,76.75,58.21,75.02
34.50,34.50,82.38,59.59,75.22
36.57,36.57,81.80,49.16,77.03
35.57,35.57,81.32,50.75,76.55
40.79,40.79,83.78,51.87,77.70
43.42,43.42,81.70,46.91,73.67
43.73,43.73,83.28,42.29,74.25
41.57,41.57,79.00,47.15,75.20
41.05,41.05,80.38,54.37,78.68
39.64,39.64,70.30,52.90,78.71
38.72,38.72,73.12,52.40,79.24
43.94,43.94,68.23,55.91,78.57
57.92,57.92,49.18,59.04,76.20
59.60,59.60,52.38,55.24,77.15
55.05,55.05,64.85,55.89,76.34
53.86,53.86,67.60,42.38,76.28
59.90,59.90,76.71,44.44,74.21
67.25,67.25,86.54,46.31,73.63
74.58,74.58,83.61,52.26,71.30
79.22,79.22,78.39,53.53,72.48
80.20,80.20,76.30,55.69,75.07
80.17,80.17,81.54,53.43,75.32
80.15,80.15,82.63,49.74,75.62
80.51,80.51,80.62,47.90,74.60
79.85,79.85,79.43,51.13,77.28
79.45,79.45,84.89,40.03,76.28
79.02,79.02,83.08,51.47,77.51
79.63,79.63,85.80,56.18,79.41
80.71,80.71,82.69,61.03,78.69
81.12,81.12,82.89,65.64,72.31
80.75,80.75,81.75,70.60,71.94
82.11,82.11,74.81,69.19,70.42
82.11,82.11,69.70,61.70,74.99
80.05,80.05,57.06,57.27,78.64
81.01,81.01,53.35,60.18,74.54
82.03,82.03,57.86,46.98,74.91
81.59,81.59,69.14,60.75,72.55
82.08,82.08,84.24,63.90,70.94
82.79,82.79,74.16,68.96,66.91
81.95,81.95,67.91,69.82,65.96
78.85,78.85,65.55,86.01,66.26
79.92,79.92,61.13,86.74,69.85
80.66,80.66,58.99,87.15,74.18
80.48,80.48,55.60,86.21,71.88
80.05,80.05,50.24,86.49,71.93
79.61,79.61,56.34,85.91,69.77
77.03,77.03,57.74,86.13,70.45
79.04,79.04,57.02,86.60,70.40
80.41,80.41,57.58,86.91,72.28
79.54,79.54,56.46,85.73,72.81
79.35,79.35,55.28,84.65,73.71
79.08,79.08,54.04,85.54,70.38
79.05,79.05,47.06,83.43,73.07
75.04,75.04,43.66,73.97,74.58
72.20,72.20,40.85,52.81,72.55
69.32,69.32,46.98,55.26,73.00
70.48,70.48,57.60,51.34,72.02
76.38,76.38,70.55,62.63,73.28
78.37,78.37,70.97,61.87,73.74
81.24,81.24,69.01,48.85,73.53
81.50,81.50,67.77,47.60,71.59
81.17,81.17,64.14,52.26,71.52
81.29,81.29,62.51,49.50,71.25
72.36,72.36,54.37,52.92,71.57
66.62,66.62,51.20,46.13,72.66
62.47,62.47,54.75,50.64,73.22
62.27,62.27,68.87,48.24,73.77
62.39,62.39,72.02,36.76,69.86
67.47,67.47,87.51,23.52,71.85
76.52,76.52,85.54,18.47,66.98
80.05,80.05,76.04,20.61,65.86
78.15,78.15,74.41,23.04,67.28
73.38,73.38,73.13,26.96,69.18
70.63,70.63,65.22,26.07,72.60
72.84,72.84,72.23,18.23,74.35
76.71,76.71,71.20,7.81,68.17
77.18,77.18,69.18,2.92,65.44
74.58,74.58,77.53,5.71,67.90
71.21,71.21,83.29,4.05,73.93
70.90,70.90,87.40,6.37,67.86
78.96,78.96,81.88,19.75,65.95
82.77,82.77,77.77,25.18,60.25
82.18,82.18,67.27,24.05,63.32
80.25,80.25,72.13,17.17,69.48
79.49,79.49,68.17,7.40,70.98
75.58,75.58,59.40,4.11,75.26
75.70,75.70,70.41,0.78,76.19
76.71,76.71,68.39,4.08,75.72
77.79,77.79,66.54,13.99,75.29
77.08,77.08,58.48,18.43,74.83
80.30,80.30,62.19,20.83,75.10
79.61,79.61,58.50,12.40,73.21
77.43,77.43,56.57,3.69,68.95
74.51,74.51,56.06,8.40,72.68
75.23,75.23,55.87,20.11,75.54
74.55,74.55,50.82,31.55,76.41
72.93,72.93,60.14,36.23,76.17
73.62,73.62,63.08,38.98,75.17
77.48,77.48,72.53,35.46,71.85
76.44,76.44,79.83,32.61,73.61
78.36,78.36,85.12,26.09,69.49
78.11,78.11,82.19,41.18,67.40
78.85,78.85,73.73,47.91,70.59
77.48,77.48,78.42,51.17,72.34
71.02,71.02,83.09,49.79,74.34
67.83,67.83,83.98,46.96,72.55
65.04,65.04,85.50,55.54,73.37
66.18,66.18,81.18,54.46,76.99
60.89,60.89,85.00,53.81,77.44
69.56,69.56,81.39,51.20,77.61
73.88,73.88,82.79,60.97,75.00
79.58,79.58,79.13,54.86,72.43
80.55,80.55,80.32,60.62,71.18
80.04,80.04,78.14,57.27,70.03
79.88,79.88,73.28,54.19,72.04
79.36,79.36,69.89,53.84,74.42
79.33,79.33,63.13,43.50,69.89
75.06,75.06,61.66,38.11,73.61
75.14,75.14,66.85,25.17,71.85
73.52,73.52,77.20,20.06,73.05
69.22,69.22,82.66,17.58,70.62
77.22,77.22,69.74,27.75,70.34
79.48,79.48,67.26,28.78,69.21
82.00,82.00,64.76,25.32,72.27
80.93,80.93,62.56,33.25,76.66
80.22,80.22,59.61,33.26,76.84
69.22,69.22,54.85,31.26,73.01
72.81,72.81,47.98,35.66,73.32
71.46,71.46,45.74,39.43,75.42
68.77,68.77,45.05,44.42,74.66
71.92,71.92,50.13,37.76,75.58
75.97,75.97,59.97,35.65,78.81
81.08,81.08,54.59,40.19,77.59
83.61,83.61,53.90,42.97,71.39
80.91,80.91,51.49,43.31,79.91
81.30,81.30,49.13,33.05,77.25
79.84,79.84,50.13,39.77,73.38
80.58,80.58,49.82,43.30,78.99
78.15,78.15,55.24,47.23,71.95
78.13,78.13,64.51,48.79,74.35
81.02,81.02,71.09,46.31,74.32
80.67,80.67,70.95,47.92,74.73
78.98,78.98,67.90,46.23,71.33
78.63,78.63,64.85,42.75,74.68
78.80,78.80,60.84,38.04,70.26
79.71,79.71,57.70,43.54,73.56
80.39,80.39,53.14,42.45,75.98
78.51,78.51,60.69,41.62,72.56
77.36,77.36,68.78,43.04,72.13
76.69,76.69,72.38,36.90,72.97
74.69,74.69,75.27,21.04,65.49
73.40,73.40,86.42,13.82,71.93
77.97,77.97,80.99,19.35,63.73
79.40,79.40,79.87,19.95,65.37
78.83,78.83,76.47,29.37,71.67
76.07,76.07,69.21,45.60,71.82
71.77,71.77,75.34,58.03,73.77
69.62,69.62,75.22,72.15,72.03
77.18,77.18,76.43,71.30,72.19
76.66,76.66,78.15,76.79,68.50
73.81,73.81,74.83,80.06,66.88
74.59,74.59,85.65,74.60,71.28
79.43,79.43,84.42,76.69,66.90
75.33,75.33,77.77,83.69,66.52
75.02,75.02,78.11,80.78,67.91
77.96,77.96,79.65,70.40,67.35
74.83,74.83,77.14,79.32,71.62
76.82,76.82,72.27,76.61,71.73
76.88,76.88,77.87,80.93,75.33
76.90,76.90,69.50,74.40,75.25
75.94,75.94,74.55,78.89,74.69
75.78,75.78,75.12,78.70,75.96
74.42,74.42,72.45,77.16,74.65
70.70,70.70,74.49,75.35,77.30
74.96,74.96,64.51,71.07,76.78
75.94,75.94,62.53,72.79,75.43
74.16,74.16,62.66,77.02,75.02
72.04,72.04,55.21,70.85,74.99
71.95,71.95,55.86,63.08,76.73
76.95,76.95,58.61,55.40,73.43
77.30,77.30,68.30,50.86,74.16
74.03,74.03,72.31,56.34,69.35
72.74,72.74,86.30,50.09,71.95
79.07,79.07,85.31,54.07,67.54
81.06,81.06,76.46,48.63,66.92
78.21,78.21,72.66,60.15,70.27
80.71,80.71,77.84,74.02,68.18
80.56,80.56,63.12,66.68,69.13
80.49,80.49,68.45,71.74,68.86
78.04,78.04,70.63,69.75,71.29
69.56,69.56,76.59,73.22,71.77
65.74,65.74,73.31,77.50,72.61
70.28,70.28,72.17,77.64,74.49
70.93,70.93,74.72,78.44,74.86
70.99,70.99,71.53,75.82,76.62
73.28,73.28,73.32,79.58,75.27
72.42,72.42,59.51,64.01,76.58
75.94,75.94,56.93,53.52,75.27
76.10,76.10,54.86,55.22,75.07
74.36,74.36,60.94,57.35,75.08
73.07,73.07,67.04,49.98,72.39
73.96,73.96,72.05,50.13,72.53
72.90,72.90,84.41,63.58,72.37
69.52,69.52,70.16,72.31,67.80
77.69,77.69,64.56,75.22,69.85
80.33,80.33,59.57,86.54,69.89
80.29,80.29,60.38,85.40,65.96
79.49,79.49,63.36,86.28,71.80
78.03,78.03,60.87,86.70,72.59
78.92,78.92,52.50,87.44,72.56
75.33,75.33,46.55,86.22,71.53
77.95,77.95,48.62,85.11,75.85
77.75,77.75,56.45,86.21,74.24
78.74,78.74,60.35,86.17,75.50
78.26,78.26,56.41,86.66,72.69
76.99,76.99,60.82,85.80,75.48
74.02,74.02,60.83,85.90,75.11
68.72,68.72,62.27,81.78,74.76
72.33,72.33,64.07,59.93,77.85
68.34,68.34,62.74,43.36,75.71
62.33,62.33,59.26,46.05,75.52
64.67,64.67,59.83,41.20,77.69
69.64,69.64,61.97,45.33,73.67
73.60,73.60,64.35,45.73,75.06
79.78,79.78,64.13,43.32,75.52
83.76,83.76,62.75,34.88,70.66
81.13,81.13,61.98,18.10,75.23
80.15,80.15,59.55,18.02,73.78
79.69,79.69,63.59,7.64,72.80
78.69,78.69,63.07,0.21,75.63
79.27,79.27,70.58,0.00,70.43
79.00,79.00,71.91,-0.00,70.50
72.26,72.26,76.88,-0.00,72.61
71.11,71.11,86.11,-0.00,73.75
75.59,75.59,82.85,-0.00,70.74
77.23,77.23,80.30,-0.00,66.61
80.75,80.75,77.35,-0.00,66.19
82.46,82.46,69.96,-0.00,70.85
82.15,82.15,60.60,-0.00,73.73
81.39,81.39,68.49,-0.00,72.66
81.76,81.76,68.95,0.00,71.08
81.26,81.26,71.11,-0.00,65.57
80.04,80.04,70.40,-0.00,67.54
76.76,76.76,83.07,-0.00,71.12
75.20,75.20,84.32,-0.00,65.68
75.58,75.58,79.85,-0.00,65.51
78.11,78.11,78.07,-0.00,68.39
80.76,80.76,72.68,-0.00,67.76
80.75,80.75,71.33,-0.00,68.88
80.93,80.93,66.38,-0.00,71.66
76.97,76.97,63.48,-0.00,70.37
74.67,74.67,69.77,0.00,72.21
75.29,75.29,67.62,-0.00,74.38
73.95,73.95,63.06,2.18,73.23
75.46,75.46,59.36,13.72,71.91
77.41,77.41,52.03,21.79,72.00
78.74,78.74,63.07,21.94,75.59
81.07,81.07,57.50,11.44,70.37
79.61,79.61,54.63,20.65,74.93
80.41,80.41,53.33,32.27,70.91
80.39,80.39,45.40,35.59,71.11
80.52,80.52,57.23,40.08,74.22
79.78,79.78,62.58,39.77,70.93
79.01,79.01,73.96,49.49,64.97
78.02,78.02,79.97,51.00,71.66
78.52,78.52,84.89,46.30,72.87
78.01,78.01,78.96,43.54,68.41
77.61,77.61,76.96,67.71,72.53
75.18,75.18,75.78,72.40,71.34
72.71,72.71,80.53,78.35,72.01
76.93,76.93,77.47,75.16,73.29
77.21,77.21,80.89,77.06,75.91
75.90,75.90,80.79,76.70,76.31
77.51,77.51,81.57,76.95,77.49
74.99,74.99,81.43,77.39,74.85
70.94,70.94,75.79,72.18,74.38
73.99,73.99,77.31,74.14,71.40
80.61,80.61,77.39,72.43,72.32
77.61,77.61,78.32,72.00,72.86
69.07,69.07,71.26,64.44,73.83
68.64,68.64,64.39,53.59,72.05
73.62,73.62,59.50,40.37,74.17
71.55,71.55,65.42,39.34,73.74
76.84,76.84,72.40,35.23,72.23
77.38,77.38,80.76,37.02,75.53
72.71,72.71,81.31,43.01,67.45
73.52,73.52,71.26,48.50,68.40
79.27,79.27,68.39,58.65,70.02
80.60,80.60,59.53,55.32,69.36
82.54,82.54,60.93,42.81,71.99
82.17,82.17,61.13,41.29,70.68
80.59,80.59,57.66,38.63,70.40
79.96,79.96,57.28,31.35,71.35
80.75,80.75,56.12,26.27,75.37
78.95,78.95,54.81,31.00,71.20
77.61,77.61,58.81,25.83,72.83
79.37,79.37,57.43,18.94,70.58
80.72,80.72,55.36,26.65,73.80
78.47,78.47,52.68,24.55,73.25
75.52,75.52,52.13,28.46,70.62
73.25,73.25,51.42,22.24,74.29
76.36,76.36,53.94,20.52,72.97
72.84,72.84,51.52,21.11,72.22
76.29,76.29,54.56,37.85,73.34
72.85,72.85,61.99,47.94,71.75
75.29,75.29,67.77,45.13,74.87
76.72,76.72,68.47,66.76,72.62
79.87,79.87,67.36,71.37,72.65
82.59,82.59,64.73,74.31,71.06
82.33,82.33,62.86,79.66,74.44
81.48,81.48,60.21,76.21,78.15
80.06,80.06,57.84,73.46,77.35
77.71,77.71,60.28,79.11,72.73
78.95,78.95,68.36,82.88,71.79
78.86,78.86,67.40,81.03,71.20
79.14,79.14,80.14,82.98,70.43
76.31,76.31,83.11,80.45,72.39
77.98,77.98,74.67,83.23,67.26
75.45,75.45,73.30,81.13,69.40
78.25,78.25,73.50,80.86,74.64
77.89,77.89,68.10,67.33,75.75
81.35,81.35,63.39,54.46,73.72
81.01,81.01,68.59,45.78,74.09
79.12,79.12,68.83,45.15,72.53
76.83,76.83,66.40,35.55,72.45
77.63,77.63,74.85,38.16,72.28
74.27,74.27,84.56,45.78,74.10
65.93,65.93,83.81,49.71,73.16
61.60,61.60,79.53,52.85,74.29
65.21,65.21,77.78,65.21,75.43
67.54,67.54,76.17,74.75,76.57
70.95,70.95,71.94,78.21,75.79
70.10,70.10,73.08,80.07,78.37
69.95,69.95,70.32,78.61,77.98
67.77,67.77,79.20,83.43,76.58
66.38,66.38,75.71,79.07,74.66
65.79,65.79,77.85,83.13,74.30
56.94,56.94,72.90,78.19,74.82
62.62,62.62,73.48,80.32,78.76
65.39,65.39,70.58,78.39,78.80
68.85,68.85,64.85,78.88,76.89
69.23,69.23,58.38,78.48,77.14
72.00,72.00,58.06,68.84,77.20
68.10,68.10,60.11,67.84,75.02
69.05,69.05,64.98,68.07,77.86
63.66,63.66,68.11,62.67,76.27
62.47,62.47,72.56,55.59,72.27
65.08,65.08,85.92,45.36,74.99
71.26,71.26,84.28,28.68,72.41
82.70,82.70,79.60,25.31,68.56
81.72,81.72,70.39,30.96,68.57
82.09,82.09,81.89,34.00,70.22
82.60,82.60,82.44,36.30,71.40
82.21,82.21,80.42,40.06,70.54
82.71,82.71,85.06,41.21,68.44
81.46,81.46,78.37,35.95,70.04
79.42,79.42,79.08,36.60,73.65
78.99,78.99,79.39,39.60,73.84
79.79,79.79,80.98,37.50,75.19
80.88,80.88,73.39,32.35,70.10
76.42,76.42,73.30,30.61,72.33
67.57,67.57,73.07,23.69,74.25
70.30,70.30,74.67,27.92,76.86
68.98,68.98,62.37,27.06,79.27
65.11,65.11,61.51,25.76,75.33
66.21,66.21,63.33,31.95,74.92
68.07,68.07,67.23,39.64,71.18
77.50,77.50,83.81,60.39,76.93
82.27,82.27,76.02,67.58,69.84
81.14,81.14,67.64,68.73,67.11
79.17,79.17,69.51,68.29,68.83
79.57,79.57,63.86,86.71,69.55
79.03,79.03,62.68,88.62,71.30
77.51,77.51,59.03,87.51,73.72
70.00,70.00,49.00,87.96,74.43
68.55,68.55,52.57,86.44,71.29
67.76,67.76,56.36,86.19,70.94
71.48,71.48,54.16,86.65,71.35
72.85,72.85,49.86,87.02,71.72
74.43,74.43,50.74,87.26,75.61
75.72,75.72,45.35,86.56,74.22
75.56,75.56,46.89,85.11,70.67
76.70,76.70,49.13,86.90,77.03
72.11,72.11,47.56,84.26,78.51
81.23,81.23,47.03,73.47,77.10
80.21,80.21,51.13,61.81,75.84
80.66,80.66,59.25,61.87,73.31
81.12,81.12,68.68,64.56,75.01
81.37,81.37,71.06,55.67,75.71
80.97,80.97,70.04,55.11,73.81
80.79,80.79,67.38,53.30,71.83
78.15,78.15,62.79,57.02,71.99
76.84,76.84,58.37,57.31,72.74
78.59,78.59,54.72,54.16,72.19
74.55,74.55,51.78,52.21,72.97
72.81,72.81,52.06,52.93,73.67
70.62,70.62,63.28,48.00,73.61
69.62,69.62,68.33,38.90,73.91
67.63,67.63,74.84,30.72,71.62
52.22,52.22,81.76,17.02,71.82
53.82,53.82,75.88,5.03,70.60
57.47,57.47,77.78,8.58,72.71
67.33,67.33,73.46,11.73,71.44
73.46,73.46,65.76,9.68,70.06
83.44,83.44,72.47,10.78,70.46
82.58,82.58,70.54,3.53,67.25
77.45,77.45,69.82,12.07,69.59
69.99,69.99,68.83,15.38,72.76
70.47,70.47,79.01,18.82,73.49
68.05,68.05,86.02,11.22,75.32
66.22,66.22,82.28,9.51,72.96
69.22,69.22,79.39,4.89,71.65
80.67,80.67,73.75,0.18,67.22
83.52,83.52,67.84,-0.00,67.92
81.84,81.84,70.39,-0.00,65.67
79.64,79.64,67.25,-0.00,66.16
81.89,81.89,70.87,-0.00,69.74
76.86,76.86,68.26,0.03,68.70
78.86,78.86,67.08,4.43,67.01
77.91,77.91,62.68,7.50,68.73
80.94,80.94,64.11,9.54,72.25
81.17,81.17,59.03,5.66,72.22
80.03,80.03,56.82,6.84,69.96
77.07,77.07,55.79,20.19,72.04
76.36,76.36,55.79,26.89,72.98
81.19,81.19,51.26,25.22,75.78
76.44,76.44,57.67,23.77,72.40
67.77,67.77,65.49,23.77,72.92
71.45,71.45,76.31,27.52,71.50
76.52,76.52,74.66,27.50,69.73
77.19,77.19,86.62,37.39,72.77
81.38,81.38,85.04,48.99,66.46
80.02,80.02,75.06,54.99,65.58
80.60,80.60,78.89,54.08,64.97
81.07,81.07,81.70,51.55,65.12
74.44,74.44,76.81,59.42,66.34
73.17,73.17,80.70,60.18,68.78
68.20,68.20,83.58,66.28,74.09
65.45,65.45,83.16,62.93,78.31
64.45,64.45,83.24,64.92,78.67
71.36,71.36,81.34,63.25,74.34
81.06,81.06,84.81,67.54,68.80
81.06,81.06,81.44,64.70,69.10
74.49,74.49,79.52,63.24,71.05
75.92,75.92,68.73,60.49,72.65
75.08,75.08,64.95,52.62,75.33
72.38,72.38,57.68,45.57,73.02
71.39,71.39,57.42,38.62,72.56
71.97,71.97,60.46,36.24,74.27
68.10,68.10,66.16,31.63,73.43
75.11,75.11,84.75,31.17,75.49
82.48,82.48,71.96,36.68,69.94
80.98,80.98,69.12,44.88,67.95
81.40,81.40,65.35,42.02,73.42
77.69,77.69,61.41,38.42,74.63
79.01,79.01,58.46,42.25,75.23
80.03,80.03,56.84,34.32,74.46
78.72,78.72,54.69,39.11,72.63
78.56,78.56,50.96,36.09,75.45
76.68,76.68,43.50,38.07,74.60
71.26,71.26,42.63,37.19,75.33
74.09,74.09,43.13,39.25,81.11
76.48,76.48,43.77,32.81,78.40
76.02,76.02,45.41,39.12,71.84
75.95,75.95,51.32,51.46,81.03
76.21,76.21,49.12,40.04,80.28
74.55,74.55,45.31,42.32,74.48
70.30,70.30,45.87,39.50,79.08
71.90,71.90,52.59,40.99,72.77
75.50,75.50,55.92,43.20,74.72
79.55,79.55,68.86,53.07,77.20
78.43,78.43,68.13,44.58,75.06
81.06,81.06,66.11,41.66,71.23
80.95,80.95,63.15,36.36,73.43
82.36,82.36,58.86,40.14,72.41
82.71,82.71,56.71,49.95,71.41
81.11,81.11,52.50,49.26,74.55
80.54,80.54,57.48,43.68,71.24
77.87,77.87,69.52,51.13,71.20
78.29,78.29,69.97,54.64,70.78
73.93,73.93,78.51,48.59,69.03
64.99,64.99,87.05,53.56,75.59
59.77,59.77,80.66,60.84,68.47
58.41,58.41,74.72,66.37,70.56
58.33,58.33,77.65,70.23,74.12
64.21,64.21,63.33,68.09,72.56
64.41,64.41,60.79,68.01,73.87
68.07,68.07,69.78,66.42,78.05
76.97,76.97,70.59,60.82,73.30
76.05,76.05,69.62,59.36,73.10
70.42,70.42,68.08,52.42,69.98
64.31,64.31,82.94,33.40,74.41
63.77,63.77,84.67,17.35,73.79
67.41,67.41,79.60,13.50,71.31
69.28,69.28,78.70,26.24,68.76
73.57,73.57,71.53,41.52,69.70
74.47,74.47,72.42,43.43,71.56
79.08,79.08,67.76,37.55,69.76
81.35,81.35,63.41,31.45,69.07
81.98,81.98,67.56,34.92,72.66
81.42,81.42,65.80,42.21,72.81
80.45,80.45,65.62,39.58,73.86
77.97,77.97,54.41,44.54,74.50
77.96,77.96,50.83,42.21,77.11
75.76,75.76,54.32,48.47,78.30
77.55,77.55,55.46,46.83,76.58
78.85,78.85,44.49,42.82,75.35
81.26,81.26,43.20,45.33,74.81
80.91,80.91,42.56,45.91,75.67
80.16,80.16,50.84,53.60,69.68
76.76,76.76,71.05,61.88,72.37
75.99,75.99,69.37,52.55,69.38
75.45,75.45,82.09,41.71,75.91
75.06,75.06,84.52,43.65,75.88
75.35,75.35,76.79,52.57,69.53
75.95,75.95,77.41,60.43,71.73
73.50,73.50,75.79,61.38,73.76
77.83,77.83,86.13,65.10,72.32
81.63,81.63,83.95,66.70,69.08
81.49,81.49,85.07,67.77,70.62
80.61,80.61,82.26,67.53,74.28
79.91,79.91,82.71,70.15,74.74
80.92,80.92,81.58,69.97,74.40
82.67,82.67,74.73,66.48,72.50
80.21,80.21,74.57,69.53,74.62
79.51,79.51,78.20,69.22,71.42
78.20,78.20,75.05,64.50,72.23
79.93,79.93,73.13,61.12,75.12
80.47,80.47,63.25,59.47,74.25
80.56,80.56,55.52,48.83,74.93
79.53,79.53,59.91,42.46,72.03
78.71,78.71,64.34,44.56,74.28
81.78,81.78,77.30,45.92,77.55
83.07,83.07,78.33,57.62,73.79
81.52,81.52,68.33,60.65,68.38
78.99,78.99,69.24,65.58,71.67
79.78,79.78,62.97,83.95,66.98
79.22,79.22,64.92,86.61,69.44
79.31,79.31,65.65,85.70,73.59
76.07,76.07,56.53,87.46,70.30
72.12,72.12,47.33,87.16,71.82
62.92,62.92,49.97,86.22,74.02
67.70,67.70,52.15,85.28,74.40
67.20,67.20,53.45,85.97,75.07
73.04,73.04,50.48,86.86,70.97
78.06,78.06,59.37,86.01,69.98
75.78,75.78,60.70,86.63,73.88
78.70,78.70,57.62,86.34,74.99
80.17,80.17,52.31,84.25,77.47
79.74,79.74,50.39,75.50,77.97
81.50,81.50,48.15,62.16,74.06
81.44,81.44,51.45,52.13,76.14
79.62,79.62,61.76,49.21,75.07
74.56,74.56,63.78,51.97,71.96
73.59,73.59,62.86,44.54,74.04
71.88,71.88,58.41,40.90,75.42
70.23,70.23,55.33,37.87,71.77
66.80,66.80,52.38,49.73,76.45
63.37,63.37,50.16,43.57,76.06
62.83,62.83,49.45,35.14,75.25
66.33,66.33,58.28,31.49,76.39
69.12,69.12,64.08,23.24,72.90
74.51,74.51,71.64,17.99,73.67
79.48,79.48,81.00,13.35,74.82
72.03,72.03,85.92,11.31,73.64
69.54,69.54,79.88,11.86,69.93
68.43,68.43,78.77,15.25,69.39
74.32,74.32,71.87,33.18,70.07
73.46,73.46,69.31,51.20,72.69
79.79,79.79,64.76,66.53,70.99
82.49,82.49,70.55,64.11,70.38
82.67,82.67,73.58,77.28,67.81
82.12,82.12,68.26,81.67,69.75
79.69,79.69,73.56,86.11,70.01
69.37,69.37,85.56,85.04,75.22
75.19,75.19,80.90,81.63,70.14
76.28,76.28,70.81,86.67,67.72
75.20,75.20,78.48,85.48,69.17
80.50,80.50,65.63,81.81,72.98
78.29,78.29,69.50,82.53,69.94
78.25,78.25,76.05,85.44,70.14
79.37,79.37,75.29,83.43,71.91
79.73,79.73,78.38,86.95,70.13
78.22,78.22,76.15,84.44,73.95
79.21,79.21,77.99,87.41,71.08
80.68,80.68,70.37,83.31,73.33
80.45,80.45,69.36,82.13,74.96
79.65,79.65,63.17,80.59,70.86
77.99,77.99,53.71,76.69,73.16
79.60,79.60,53.73,72.35,71.66
79.99,79.99,51.79,63.41,71.48
80.39,80.39,47.63,49.71,76.18
80.19,80.19,55.44,44.29,71.16
75.54,75.54,67.61,42.13,69.76
71.64,71.64,73.38,51.81,67.41
73.10,73.10,85.47,43.93,75.24
76.71,76.71,83.65,62.84,70.50
79.20,79.20,79.61,69.11,69.87
80.71,80.71,78.87,79.34,71.18
73.42,73.42,74.39,84.33,71.11
73.27,73.27,66.25,82.17,74.22
75.04,75.04,59.07,83.56,72.69
67.53,67.53,64.02,85.47,71.39
70.80,70.80,72.57,85.68,73.35
75.65,75.65,74.38,86.39,71.96
76.28,76.28,76.03,85.54,71.74
77.51,77.51,72.72,84.50,72.42
77.86,77.86,72.70,86.09,72.06
75.89,75.89,70.30,87.13,71.30
75.46,75.46,66.74,87.17,72.71
75.00,75.00,57.56,86.05,72.54
74.83,74.83,51.35,86.07,74.23
76.09,76.09,51.04,83.33,69.87
74.28,74.28,44.23,67.36,58.17
74.22,74.22,37.88,54.19,53.65
74.09,74.09,34.70,40.03,53.88
66.82,66.82,32.90,40.23,53.44
76.65,76.65,34.96,43.06,53.53
80.12,80.12,35.28,43.05,47.53
80.95,80.95,34.04,30.92,50.74
81.83,81.83,40.57,27.45,50.72
81.27,81.27,43.10,23.29,50.93
79.42,79.42,46.02,16.85,42.04
81.36,81.36,46.66,22.64,42.25
80.68,80.68,43.64,23.37,41.39
79.82,79.82,39.47,10.55,42.98
78.24,78.24,37.52,9.58,40.99
77.39,77.39,32.20,11.77,42.69
75.13,75.13,33.17,8.03,45.20
75.04,75.04,36.28,18.96,49.35
74.29,74.29,39.13,17.15,46.57
74.60,74.60,36.11,15.91,38.67
73.17,73.17,33.26,14.12,30.42
72.45,72.45,28.39,9.90,25.57
74.09,74.09,23.77,8.38,29.44
68.91,68.91,37.21,16.22,38.17
75.05,75.05,53.53,17.51,53.76
79.37,79.37,59.14,19.18,52.75
78.69,78.69,54.24,14.35,41.74
79.29,79.29,45.05,17.53,35.02
80.14,80.14,43.16,24.71,42.97
82.52,82.52,42.91,24.25,45.33
82.24,82.24,46.05,31.24,52.13
81.21,81.21,36.48,29.16,53.90
80.64,80.64,36.34,20.93,42.39
80.60,80.60,37.23,16.27,42.06
81.38,81.38,35.58,15.66,37.18
80.71,80.71,34.69,17.24,38.17
80.69,80.69,32.54,22.17,38.53
80.94,80.94,30.79,19.20,41.53
79.02,79.02,31.86,18.10,44.46
79.06,79.06,37.89,28.50,50.78
75.82,75.82,47.59,44.80,64.54
71.44,71.44,64.00,55.74,72.04
71.31,71.31,66.57,60.59,74.51
67.27,67.27,70.63,53.26,72.46
65.60,65.60,87.30,55.15,78.07
66.76,66.76,82.13,48.96,73.34
61.86,61.86,79.10,57.13,74.93
63.82,63.82,77.74,64.61,76.72
62.14,62.14,75.96,66.67,74.86
63.70,63.70,68.71,62.97,75.68
57.37,57.37,71.97,69.73,74.67
55.34,55.34,70.31,75.30,77.71
59.88,59.88,70.07,70.60,77.36
54.21,54.21,70.35,74.88,76.07
63.46,63.46,75.15,80.50,74.47
67.57,67.57,74.57,75.06,72.85
65.64,65.64,72.24,78.56,73.28
64.30,64.30,73.36,76.79,78.73
61.78,61.78,67.74,66.02,78.86
61.79,61.79,64.15,46.15,75.98
68.75,68.75,65.26,41.49,74.25
80.75,80.75,71.09,39.18,72.18
82.38,82.38,69.85,34.43,69.45
79.20,79.20,75.00,22.85,71.52
77.68,77.68,75.66,5.80,74.50
77.77,77.77,85.69,11.43,78.57
79.02,79.02,82.50,20.53,74.10
78.62,78.62,79.24,24.12,68.18
77.32,77.32,81.50,29.07,70.24
78.86,78.86,69.70,39.54,71.83
82.68,82.68,69.51,42.87,68.26
82.99,82.99,67.57,38.71,69.96
82.39,82.39,71.42,36.79,70.52
80.31,80.31,70.24,29.44,70.80
72.63,72.63,69.03,19.47,73.91
71.76,71.76,63.10,19.07,77.01
69.04,69.04,62.47,26.11,79.24
69.59,69.59,63.53,23.55,78.60
73.71,73.71,57.18,24.83,71.04
76.74,76.74,57.21,19.98,74.80
74.42,74.42,55.16,20.63,75.29
76.89,76.89,52.84,15.52,78.34
77.33,77.33,47.77,25.80,78.96
74.62,74.62,59.03,31.97,76.12
75.34,75.34,67.65,44.76,74.23
78.69,78.69,84.68,53.19,72.21
77.85,77.85,73.92,61.26,69.70
77.36,77.36,65.78,57.82,69.82
78.33,78.33,62.39,78.73,68.35
78.19,78.19,60.60,88.48,68.09
79.11,79.11,59.82,88.15,70.04
81.19,81.19,55.95,87.61,70.97
83.77,83.77,52.39,87.35,72.14
81.24,81.24,47.98,86.23,73.51
79.87,79.87,52.50,85.70,71.83
81.27,81.27,48.75,87.08,71.96
82.30,82.30,47.44,87.29,70.72
79.29,79.29,48.24,87.14,73.43
79.90,79.90,46.61,87.00,72.15
79.33,79.33,42.83,85.01,73.98
80.45,80.45,41.51,86.37,69.30
74.40,74.40,36.58,80.88,74.74
69.17,69.17,36.96,67.70,79.04
67.03,67.03,41.54,58.59,78.35
71.28,71.28,49.37,56.61,77.07
76.49,76.49,65.57,42.92,74.75
79.00,79.00,68.03,54.91,75.54
80.87,80.87,67.61,45.76,74.22
81.09,81.09,65.73,48.23,74.90
81.13,81.13,61.93,49.39,75.89
79.93,79.93,58.66,53.15,77.24
80.66,80.66,57.66,54.34,77.85
80.10,80.10,56.06,50.58,77.28
80.91,80.91,61.93,38.42,73.37
79.95,79.95,66.09,39.14,72.76
81.33,81.33,73.09,30.60,71.19
81.55,81.55,83.87,25.18,76.04
79.97,79.97,83.69,30.12,73.87
78.47,78.47,78.65,34.91,71.07
73.63,73.63,77.40,42.33,73.91
76.10,76.10,67.11,50.06,73.64
76.88,76.88,64.81,57.60,73.99
75.07,75.07,67.86,61.23,74.68
74.45,74.45,62.74,60.19,73.44
77.54,77.54,69.56,63.45,70.26
76.75,76.75,70.21,61.18,67.85
82.70,82.70,76.92,54.43,68.62
81.00,81.00,83.99,43.22,72.52
80.16,80.16,81.79,32.22,70.12
81.52,81.52,76.04,41.25,68.67
78.67,78.67,82.20,42.81,71.19
75.83,75.83,82.20,45.61,69.09
76.38,76.38,84.98,42.45,70.99
75.39,75.39,83.40,38.88,73.82
75.00,75.00,87.19,39.63,73.35
76.73,76.73,84.45,39.05,74.02
76.10,76.10,82.69,33.71,74.51
75.93,75.93,83.26,38.37,74.30
79.55,79.55,78.88,37.37,72.28
82.88,82.88,80.42,36.70,74.58
81.21,81.21,80.50,29.55,73.88
73.79,73.79,77.37,29.39,73.49
73.68,73.68,77.10,27.92,74.24
78.66,78.66,65.93,32.81,74.61
73.75,73.75,60.65,39.30,74.30
81.29,81.29,63.82,34.08,72.15
82.72,82.72,69.67,20.52,72.23
82.10,82.10,75.77,16.79,73.13
81.40,81.40,84.69,24.74,76.51
79.83,79.83,80.17,32.28,69.89
80.25,80.25,80.31,30.62,67.68
79.97,79.97,76.26,36.23,69.77
78.48,78.48,76.43,46.76,78.59
76.27,76.27,68.28,44.06,77.63
75.37,75.37,74.71,40.29,72.61
76.40,76.40,80.06,36.06,74.16
75.86,75.86,79.79,39.67,77.57
76.38,76.38,80.17,45.03,77.44
75.31,75.31,81.62,40.77,77.37
74.59,74.59,78.31,38.24,75.26
74.31,74.31,83.89,48.26,73.58
79.04,79.04,78.35,41.91,73.74
80.58,80.58,74.77,33.12,70.77
81.63,81.63,67.60,28.96,74.52
76.94,76.94,60.43,20.14,76.29
79.11,79.11,55.12,25.19,72.78
80.08,80.08,64.43,29.20,71.86
80.09,80.09,71.66,25.70,77.65
78.84,78.84,81.78,10.90,76.11
78.04,78.04,70.43,16.05,70.89
79.00,79.00,65.47,23.63,75.87
76.90,76.90,61.06,32.52,71.58
77.94,77.94,62.33,32.33,75.39
76.88,76.88,61.00,34.23,78.92
73.85,73.85,53.10,26.80,75.69
68.07,68.07,50.44,22.66,75.22
61.20,61.20,42.43,24.15,74.67
67.72,67.72,41.94,36.09,73.32
63.31,63.31,45.60,42.66,78.84
71.26,71.26,50.76,42.09,76.67
77.46,77.46,49.40,40.74,81.29
80.93,80.93,46.97,41.01,78.24
78.94,78.94,48.36,42.07,70.26
79.15,79.15,46.46,45.26,82.53
80.93,80.93,44.31,41.54,79.67
80.12,80.12,43.73,45.74,72.95
78.05,78.05,49.22,50.12,78.18
80.86,80.86,58.77,47.38,76.02
80.87,80.87,71.14,41.72,74.49
80.21,80.21,70.84,37.96,76.70
79.62,79.62,68.74,34.89,77.56
78.45,78.45,64.37,34.09,76.97
79.25,79.25,59.96,33.64,77.37
78.59,78.59,55.63,32.93,74.81
77.88,77.88,51.69,37.77,77.11
76.79,76.79,54.26,34.34,77.08
79.07,79.07,62.57,43.33,68.42
77.78,77.78,70.23,49.26,71.90
75.02,75.02,79.22,43.93,73.28
75.62,75.62,84.50,38.93,77.11
77.02,77.02,82.51,46.85,72.11
74.94,74.94,76.37,54.65,74.33
71.58,71.58,73.35,62.33,73.46
78.03,78.03,63.84,63.66,76.97
81.89,81.89,61.46,64.27,75.63
83.07,83.07,70.98,64.07,77.51
81.68,81.68,69.69,58.07,79.80
81.02,81.02,70.50,46.90,73.44
77.11,77.11,72.49,33.15,71.14
79.20,79.20,83.15,25.60,75.29
78.94,78.94,82.80,25.97,74.87
79.34,79.34,79.74,29.78,69.40
77.55,77.55,75.51,32.79,68.57
79.76,79.76,72.83,45.34,70.40
78.71,78.71,69.82,45.92,72.36
79.18,79.18,63.14,32.94,72.31
80.01,80.01,58.13,27.63,73.80
78.66,78.66,65.68,38.17,71.88
76.36,76.36,65.55,40.69,76.53
74.55,74.55,62.93,35.73,75.86
75.23,75.23,56.73,42.02,76.35
75.76,75.76,56.38,45.45,75.66
74.53,74.53,51.48,41.92,78.54
76.14,76.14,52.51,52.60,78.31
79.88,79.88,53.47,52.33,75.48
77.73,77.73,47.31,40.07,75.69
75.67,75.67,43.85,48.54,77.12
76.04,76.04,58.94,48.04,78.07
75.65,75.65,63.60,36.24,71.12
75.94,75.94,70.49,36.47,71.67
78.27,78.27,81.95,27.34,74.91
77.93,77.93,84.33,32.49,77.36
76.59,76.59,81.57,39.62,71.76
75.11,75.11,79.42,59.08,72.11
75.84,75.84,76.67,64.91,74.96
75.83,75.83,76.77,57.97,77.99
72.24,72.24,82.57,69.12,75.68
63.19,63.19,81.13,64.25,74.72
61.08,61.08,82.73,62.14,75.15
62.01,62.01,81.34,65.90,76.49
62.99,62.99,85.19,72.03,74.93
69.05,69.05,81.29,68.62,76.63
73.97,73.97,81.28,68.85,72.76
83.33,83.33,82.98,62.77,73.57
79.99,79.99,79.04,58.45,74.69
78.77,78.77,80.27,62.93,72.83
77.92,77.92,70.20,54.41,74.05
74.12,74.12,62.43,50.66,73.38
75.37,75.37,62.69,52.20,72.23
74.24,74.24,67.45,56.77,72.64
73.86,73.86,81.48,55.54,74.63
75.13,75.13,78.63,61.80,73.14
73.72,73.72,67.01,60.12,72.44
67.27,67.27,62.72,76.87,71.57
64.24,64.24,57.09,88.26,72.09
69.86,69.86,51.03,85.66,70.74
68.19,68.19,47.60,86.58,73.72
68.99,68.99,46.06,87.20,76.71
74.34,74.34,42.95,86.58,71.94
79.39,79.39,43.33,87.15,72.96
79.79,79.79,44.07,86.30,76.78
82.07,82.07,48.65,85.56,76.68
81.75,81.75,46.73,86.91,74.51
76.02,76.02,43.38,86.50,72.75
78.30,78.30,39.58,86.75,72.10
76.42,76.42,40.33,86.64,74.86
77.74,77.74,46.47,81.09,74.95
80.39,80.39,47.51,63.76,77.01
79.78,79.78,48.51,55.49,78.18
81.06,81.06,50.33,56.33,75.01
81.61,81.61,53.11,52.54,74.09
79.64,79.64,52.57,49.29,75.49
75.80,75.80,48.06,50.73,72.75
75.82,75.82,44.55,47.77,76.91
74.60,74.60,42.81,36.31,77.27
75.41,75.41,48.77,44.18,73.40
76.70,76.70,53.38,44.51,76.88
76.18,76.18,49.01,29.11,74.93
76.36,76.36,59.37,41.05,73.63
74.16,74.16,68.28,38.27,72.58
78.82,78.82,72.80,33.73,69.11
78.89,78.89,81.18,28.44,77.00
76.62,76.62,83.84,15.94,74.29
76.56,76.56,78.04,15.61,71.57
76.68,76.68,79.74,22.44,72.54
79.68,79.68,74.99,30.55,68.26
81.54,81.54,67.97,31.59,69.17
82.66,82.66,65.00,29.37,74.09
80.68,80.68,71.10,38.10,74.14
80.58,80.58,73.67,42.91,71.82
80.89,80.89,69.80,40.84,68.76
78.48,78.48,73.94,35.43,70.23
72.29,72.29,83.53,28.00,76.05
71.42,71.42,83.79,31.30,72.12
72.83,72.83,82.99,34.74,67.49
72.51,72.51,82.70,39.54,65.93
75.71,75.71,81.66,47.48,65.52
83.03,83.03,83.39,51.84,72.21
81.72,81.72,79.32,40.77,68.92
79.97,79.97,84.18,50.04,69.98
79.17,79.17,84.37,50.93,71.32
80.73,80.73,83.29,52.30,73.17
81.01,81.01,85.23,52.31,72.81
80.09,80.09,81.99,51.55,70.47
78.50,78.50,83.96,48.58,71.00
77.34,77.34,81.93,41.90,72.58
75.59,75.59,79.61,42.89,74.34
75.53,75.53,73.56,43.86,73.25
71.63,71.63,60.32,40.32,70.20
70.56,70.56,60.07,41.87,70.59
75.22,75.22,62.08,24.72,73.11
78.07,78.07,72.15,35.29,70.79
77.72,77.72,76.80,29.64,66.25
70.24,70.24,82.65,29.70,77.19
67.13,67.13,82.97,29.69,74.36
68.95,68.95,80.01,42.47,71.95
69.70,69.70,80.67,52.28,72.91
70.47,70.47,81.83,62.81,74.10
74.96,74.96,78.94,64.84,73.44
81.73,81.73,82.77,62.88,73.86
82.01,82.01,82.41,62.71,72.33
80.95,80.95,83.86,52.45,71.75
80.50,80.50,79.91,49.02,73.08
81.24,81.24,82.56,43.96,74.07
79.56,79.56,79.76,47.45,71.28
77.47,77.47,81.68,50.59,70.85
76.52,76.52,76.40,49.03,71.32
76.33,76.33,73.22,40.65,71.11
76.60,76.60,74.45,37.10,73.12
74.12,74.12,68.85,29.94,68.85
60.31,60.31,57.25,32.65,66.00
53.25,53.25,48.25,43.72,58.50
44.82,44.82,41.66,34.78,40.93
42.54,42.54,32.56,21.58,39.42
61.40,61.40,36.80,25.06,47.74
78.11,78.11,45.49,36.09,60.25
71.57,71.57,45.08,32.26,69.44
68.35,68.35,48.60,39.29,58.91
70.22,70.22,45.50,40.17,50.35
83.39,83.39,39.28,32.54,52.25
79.67,79.67,33.80,29.13,45.36
78.31,78.31,31.17,20.54,45.11
78.99,78.99,31.96,18.74,45.66
79.22,79.22,31.38,16.26,42.42
78.39,78.39,32.35,20.10,39.83
78.78,78.78,35.23,18.78,41.44
79.73,79.73,40.83,19.24,45.53
81.88,81.88,43.78,20.08,47.96
84.18,84.18,43.34,27.09,46.37
82.02,82.02,44.30,23.16,46.14
80.06,80.06,40.33,21.52,46.77
77.75,77.75,35.58,20.37,41.82
77.72,77.72,36.66,18.21,38.57
76.14,76.14,37.90,20.44,40.57
72.03,72.03,41.36,32.73,43.88
65.34,65.34,45.57,30.94,46.03
62.98,62.98,45.15,30.84,39.62
66.03,66.03,44.45,30.35,34.06
68.44,68.44,44.33,27.43,36.94
68.39,68.39,42.85,21.16,35.56
66.77,66.77,43.59,26.11,39.77
74.69,74.69,47.80,38.71,51.71
82.24,82.24,46.82,36.28,42.74
80.60,80.60,40.52,25.39,45.41
82.90,82.90,38.70,25.32,46.58
80.76,80.76,42.28,24.94,46.26
79.64,79.64,42.80,20.18,53.63
77.75,77.75,50.02,27.28,65.87
79.14,79.14,51.37,22.16,74.35
78.07,78.07,51.54,8.82,76.65
76.91,76.91,51.73,10.32,76.92
74.77,74.77,51.74,20.12,76.36
75.83,75.83,49.92,19.65,74.85
76.95,76.95,52.47,20.63,75.19
76.33,76.33,57.98,18.15,77.19
77.30,77.30,59.39,20.23,75.98
75.36,75.36,58.54,28.58,76.67
76.56,76.56,60.49,20.38,77.93
78.22,78.22,61.10,29.58,74.53
75.51,75.51,61.53,32.95,76.34
74.25,74.25,61.00,37.09,76.21
72.67,72.67,58.73,35.52,75.71
71.77,71.77,55.87,34.45,75.37
71.64,71.64,54.67,33.19,76.35
73.78,73.78,54.00,36.17,75.68
65.26,65.26,52.38,46.06,75.99
72.53,72.53,49.45,37.59,76.17
75.77,75.77,47.19,35.79,76.42
71.68,71.68,43.99,39.23,76.28
73.26,73.26,42.19,40.74,76.00
71.65,71.65,41.56,45.14,75.81
66.46,66.46,44.16,35.20,73.34
67.87,67.87,51.48,42.12,73.34
78.37,78.37,53.71,38.69,76.35
83.41,83.41,47.98,36.41,73.79
81.22,81.22,43.47,44.70,74.18
79.00,79.00,39.49,57.42,74.98
69.20,69.20,32.16,66.55,73.35
66.57,66.57,27.14,74.15,71.84
65.38,65.38,23.54,76.30,73.56
61.67,61.67,25.84,82.24,77.53
62.44,62.44,34.23,74.44,79.90
60.34,60.34,35.27,76.02,78.74
68.20,68.20,37.82,79.09,78.39
73.16,73.16,37.94,83.19,77.71
69.41,69.41,41.90,81.45,75.81
78.04,78.04,44.64,83.75,74.66
81.63,81.63,44.49,81.50,75.23
81.43,81.43,43.22,85.16,73.85
80.23,80.23,42.60,82.20,72.43
79.82,79.82,39.73,79.36,74.83
79.71,79.71,37.17,65.11,72.91
78.26,78.26,35.33,53.30,74.01
78.27,78.27,36.97,35.29,75.14
78.79,78.79,33.99,34.97,72.35
73.13,73.13,32.08,29.35,73.06
67.47,67.47,36.10,38.62,73.68
65.67,65.67,49.27,38.87,76.10
61.79,61.79,53.80,33.83,75.23
59.51,59.51,54.49,23.92,76.57
58.68,58.68,48.72,16.33,74.64
58.03,58.03,43.04,25.22,73.56
55.72,55.72,38.55,28.31,70.19
63.74,63.74,40.37,40.56,71.00
58.05,58.05,43.54,34.44,70.60
64.66,64.66,46.92,29.12,70.62
75.25,75.25,55.89,20.58,65.12
81.69,81.69,49.16,18.34,63.34
81.85,81.85,48.13,21.97,60.66
79.67,79.67,46.11,20.06,64.27
81.28,81.28,45.12,15.11,66.72
80.23,80.23,46.89,13.37,67.95
79.01,79.01,43.77,9.43,66.76
79.32,79.32,35.22,10.48,64.84
72.98,72.98,34.04,20.10,67.54
76.06,76.06,49.52,21.20,74.45
73.46,73.46,61.46,24.82,77.13
73.60,73.60,63.54,27.15,77.55
75.84,75.84,62.05,26.72,74.59
76.51,76.51,59.08,34.93,75.82
78.34,78.34,55.77,36.42,75.61
78.85,78.85,51.35,35.63,73.80
75.79,75.79,48.54,36.48,71.22
77.90,77.90,47.62,27.34,69.75
76.34,76.34,45.53,22.41,64.16
76.19,76.19,40.39,26.37,71.20
74.08,74.08,39.67,21.96,69.16
74.95,74.95,36.18,33.42,66.81
74.61,74.61,35.05,28.06,64.85
72.51,72.51,38.75,30.13,65.89
74.53,74.53,41.77,34.78,64.90
74.77,74.77,38.22,36.12,66.96
72.54,72.54,39.60,38.54,65.12
63.10,63.10,40.38,42.85,66.13
61.11,61.11,32.05,34.18,65.48
61.22,61.22,39.46,37.94,70.54
65.83,65.83,49.41,45.03,77.39
67.19,67.19,58.27,39.98,76.79
63.38,63.38,62.08,35.65,76.98
60.89,60.89,59.19,25.73,76.81
58.90,58.90,57.45,31.98,74.84
57.66,57.66,57.51,37.86,75.54
50.93,50.93,56.29,36.21,75.88
49.31,49.31,55.66,32.57,76.88
46.28,46.28,53.62,35.57,76.07
49.36,49.36,50.47,28.56,77.32
57.23,57.23,47.15,33.41,74.80
58.98,58.98,46.36,41.72,74.37
63.07,63.07,44.56,27.93,73.22
78.59,78.59,42.29,20.69,73.07
81.83,81.83,40.22,22.15,71.14
82.67,82.67,39.70,29.89,65.47
81.72,81.72,43.63,37.59,61.97
81.67,81.67,45.05,36.75,59.08
80.52,80.52,46.82,38.85,59.27
78.91,78.91,48.08,39.69,59.41
80.55,80.55,50.66,38.61,57.95
81.02,81.02,48.60,40.95,59.02
81.14,81.14,48.14,40.65,59.45
79.72,79.72,46.54,43.92,59.90
78.42,78.42,45.84,40.85,60.34
72.75,72.75,33.05,37.73,61.24
71.34,71.34,31.87,40.50,61.55
75.11,75.11,36.85,41.15,68.61
79.65,79.65,43.68,45.26,76.59
79.90,79.90,52.76,55.95,76.66
78.51,78.51,58.46,76.74,77.09
77.99,77.99,60.57,82.05,77.14
78.96,78.96,58.76,80.82,75.95
78.32,78.32,58.44,84.89,75.27
76.19,76.19,56.35,81.00,75.81
75.02,75.02,50.88,83.65,76.53
76.75,76.75,47.62,80.93,76.28
75.88,75.88,44.17,82.24,74.77
75.28,75.28,40.94,80.38,75.64
72.09,72.09,38.22,76.11,73.79
72.50,72.50,39.03,75.57,74.16
74.89,74.89,38.63,75.23,70.96
79.66,79.66,31.43,69.11,67.35
79.47,79.47,30.36,66.02,66.89
80.58,80.58,29.24,47.75,70.96
77.16,77.16,34.65,34.73,72.35
76.08,76.08,39.47,28.46,72.26
75.48,75.48,41.90,20.29,72.61
72.76,72.76,39.06,20.25,70.28
80.92,80.92,37.30,25.50,70.40
81.69,81.69,40.37,30.27,68.69
81.06,81.06,41.57,34.57,68.82
79.24,79.24,43.59,30.61,66.55
78.05,78.05,43.54,29.46,64.15
74.84,74.84,37.81,37.11,61.72
70.82,70.82,39.53,41.44,61.83
70.38,70.38,36.69,42.76,61.64
69.79,69.79,29.80,48.03,59.00
70.87,70.87,39.94,59.52,59.84
77.12,77.12,41.75,74.91,58.17
81.48,81.48,42.95,83.75,59.19
81.51,81.51,36.42,85.47,64.24
81.56,81.56,37.86,83.08,63.67
81.09,81.09,39.87,87.78,70.05
80.86,80.86,44.87,83.16,71.73
80.73,80.73,48.23,84.85,71.21
79.93,79.93,49.38,83.28,71.37
78.76,78.76,47.02,84.82,67.46
75.10,75.10,43.09,84.73,69.33
71.16,71.16,42.58,83.24,68.28
65.50,65.50,39.85,83.86,66.55
64.35,64.35,38.78,83.63,68.97
63.68,63.68,30.32,84.78,72.76
67.88,67.88,27.76,80.98,73.21
70.20,70.20,25.79,85.78,73.60
78.02,78.02,28.20,81.55,71.71
79.10,79.10,26.68,82.87,68.55
76.40,76.40,26.61,82.20,70.54
69.39,69.39,29.76,83.05,66.08
77.57,77.57,40.29,83.98,68.83
81.51,81.51,37.23,81.71,70.90
81.49,81.49,35.42,82.30,68.71
80.35,80.35,33.49,80.83,67.20
75.41,75.41,43.18,84.75,66.14
72.40,72.40,57.44,80.76,71.16
72.34,72.34,63.07,82.78,74.82
70.19,70.19,61.93,81.27,73.68
68.85,68.85,63.29,82.45,74.66
67.22,67.22,57.19,82.52,73.75
67.86,67.86,52.32,81.02,72.52
74.12,74.12,51.61,82.76,74.50
76.21,76.21,48.71,80.88,72.06
77.60,77.60,42.40,82.53,67.11
77.51,77.51,37.12,79.86,67.14
76.81,76.81,30.63,83.62,65.47
74.32,74.32,27.68,80.31,65.41
75.08,75.08,28.34,81.42,65.95
73.77,73.77,30.72,81.27,64.44
72.89,72.89,30.14,80.92,65.28
73.57,73.57,29.40,82.92,67.65
70.53,70.53,32.43,79.05,66.67
75.03,75.03,33.29,82.43,69.24
76.71,76.71,28.51,80.12,68.33
78.50,78.50,25.14,81.47,76.62
80.28,80.28,26.14,80.36,77.26
81.23,81.23,31.14,82.97,77.10
79.88,79.88,35.60,79.09,77.70
78.99,78.99,37.99,80.57,76.79
78.24,78.24,37.84,80.20,74.38
78.37,78.37,36.84,79.72,73.14
77.86,77.86,35.91,82.52,73.04
76.42,76.42,35.10,79.15,75.23
77.79,77.79,34.67,81.56,74.14
77.67,77.67,36.21,79.69,75.59
78.42,78.42,38.68,81.38,75.00
77.70,77.70,37.01,78.84,75.03
74.12,74.12,31.25,82.70,76.09
72.93,72.93,23.08,79.00,72.61
72.92,72.92,25.27,81.12,70.86
74.23,74.23,28.64,80.84,71.16
72.91,72.91,28.39,80.78,71.14
74.32,74.32,28.86,81.00,69.42
76.40,76.40,27.21,79.16,71.85
79.47,79.47,30.99,81.40,73.15
79.92,79.92,41.26,81.08,69.79
79.15,79.15,38.99,79.96,75.91
78.87,78.87,35.30,79.52,72.32
77.67,77.67,35.20,81.28,74.26
77.83,77.83,34.36,79.84,74.71
77.68,77.68,34.65,81.31,72.88
79.02,79.02,35.92,80.61,70.91
79.08,79.08,36.83,79.53,70.82
79.32,79.32,41.84,82.55,69.67
78.39,78.39,39.42,76.91,69.16
78.62,78.62,35.26,82.85,68.80
76.10,76.10,28.79,79.06,72.00
76.72,76.72,30.31,80.85,75.87
75.92,75.92,31.93,79.89,76.49
76.60,76.60,30.66,82.10,76.80
74.83,74.83,26.45,77.37,72.67
75.51,75.51,25.86,81.12,75.56
80.44,80.44,35.15,78.77,73.68
82.16,82.16,39.84,79.75,73.23
81.11,81.11,40.38,81.14,72.56
78.80,78.80,34.87,80.47,71.96
69.48,69.48,27.19,77.35,74.60
73.94,73.94,27.41,79.88,72.23
71.08,71.08,26.98,80.42,74.36
67.25,67.25,28.03,78.58,71.17
73.50,73.50,29.10,79.97,69.90
77.16,77.16,33.11,81.10,73.36
81.21,81.21,32.64,79.54,74.15
82.04,82.04,29.86,79.37,72.63
81.71,81.71,31.95,78.26,73.39
78.11,78.11,31.10,78.33,72.18
72.89,72.89,28.71,77.02,71.68
67.66,67.66,25.43,81.05,73.54
67.14,67.14,20.55,80.99,76.14
66.67,66.67,19.88,81.71,73.57
68.31,68.31,23.80,78.41,72.21
73.57,73.57,31.81,79.55,70.00
75.33,75.33,45.51,72.04,68.81
79.52,79.52,46.66,76.63,65.57
81.86,81.86,44.38,77.31,69.16
83.11,83.11,42.09,77.24,71.68
82.92,82.92,40.30,77.95,68.52
80.77,80.77,40.05,79.25,70.52
83.13,83.13,35.44,79.95,70.92
79.45,79.45,33.57,78.29,69.70
77.24,77.24,35.12,79.22,69.24
76.48,76.48,37.49,75.40,69.64
77.52,77.52,39.97,62.75,69.21
73.91,73.91,36.85,71.31,67.82
73.88,73.88,30.01,71.37,70.95
70.59,70.59,25.27,69.20,71.23
58.77,58.77,18.55,67.36,71.16
57.73,57.73,18.06,64.73,72.00
56.90,56.90,21.62,59.50,75.98
54.52,54.52,22.93,68.62,76.45
47.89,47.89,23.21,67.74,77.89
48.85,48.85,19.46,66.42,74.93
54.54,54.54,29.90,65.69,76.36
49.55,49.55,31.82,65.28,75.68
53.79,53.79,30.67,65.21,75.79
47.78,47.78,27.22,65.21,74.46
48.30,48.30,34.23,66.16,75.56
52.04,52.04,42.40,67.27,75.00
47.88,47.88,52.19,62.86,71.61
49.13,49.13,65.98,67.71,80.20
47.17,47.17,62.39,67.90,84.10
39.98,39.98,46.43,67.20,77.63
40.11,40.11,37.53,65.87,76.63
40.38,40.38,34.49,63.27,75.16
39.62,39.62,33.51,50.00,77.52
35.80,35.80,34.91,62.60,76.57
34.30,34.30,31.76,63.40,77.44
33.88,33.88,26.06,61.24,75.06
36.07,36.07,25.18,65.34,77.26
37.29,37.29,21.39,58.11,77.43
37.60,37.60,23.75,58.98,77.03
32.09,32.09,23.71,62.44,78.88
32.85,32.85,24.15,62.84,75.96
42.78,42.78,25.57,62.86,78.48
45.16,45.16,28.32,57.32,76.55
45.98,45.98,30.31,51.77,76.61
57.30,57.30,31.16,59.99,76.78
63.80,63.80,35.82,57.15,76.07
73.63,73.63,45.10,57.01,78.71
77.29,77.29,38.97,54.00,76.78
79.23,79.23,34.26,52.85,76.60
81.49,81.49,33.79,58.82,74.44
81.17,81.17,32.27,58.39,74.14
80.92,80.92,32.46,53.92,74.36
79.06,79.06,33.80,53.76,71.71
78.80,78.80,33.67,53.46,70.93
78.46,78.46,31.65,53.68,65.35
75.07,75.07,29.78,49.60,67.29
74.40,74.40,23.27,43.99,70.72
71.04,71.04,21.82,52.98,71.63
67.69,67.69,26.29,52.76,71.17
67.76,67.76,33.22,44.15,73.07
70.45,70.45,42.09,45.81,76.00
75.32,75.32,41.61,53.74,77.20
76.48,76.48,41.56,58.53,77.07
76.69,76.69,37.62,61.55,76.41
77.29,77.29,35.50,63.69,78.19
77.04,77.04,35.10,64.76,78.68
76.35,76.35,34.80,60.25,77.89
76.98,76.98,35.19,55.50,76.36
76.55,76.55,31.86,53.66,74.40
74.97,74.97,33.76,56.04,74.03
69.43,69.43,35.77,52.70,74.70
72.46,72.46,34.89,49.42,78.90
77.47,77.47,34.93,48.98,77.42
78.00,78.00,37.56,53.75,77.73
79.61,79.61,39.78,51.02,76.13
81.13,81.13,41.16,47.98,75.69
80.63,80.63,41.90,53.28,75.52
81.11,81.11,36.24,63.12,77.63
80.45,80.45,32.68,60.82,77.59
78.53,78.53,36.56,53.46,76.27
79.10,79.10,43.87,57.56,74.99
79.23,79.23,51.45,50.19,69.75
80.41,80.41,52.85,53.93,70.79
79.78,79.78,53.77,59.24,69.99
74.98,74.98,44.96,58.81,71.92
72.86,72.86,38.91,55.72,69.36
75.65,75.65,38.72,52.14,65.93
74.29,74.29,39.32,50.51,65.99
75.64,75.64,34.89,54.43,66.70
75.76,75.76,28.86,44.38,68.70
72.70,72.70,29.38,43.63,69.56
74.33,74.33,32.00,53.63,69.66
75.47,75.47,32.40,51.82,70.87
78.13,78.13,41.60,50.56,73.47
81.06,81.06,41.41,44.88,74.45
79.03,79.03,42.92,45.36,71.26
79.94,79.94,43.75,49.02,68.94
79.63,79.63,42.62,49.51,68.87
79.53,79.53,42.13,49.70,73.99
78.58,78.58,37.41,50.08,71.24
73.76,73.76,31.96,39.21,71.53
74.08,74.08,43.40,48.86,74.08
73.07,73.07,50.98,29.86,75.62
73.22,73.22,57.91,35.48,78.61
76.61,76.61,55.26,37.74,77.97
79.66,79.66,48.84,40.03,75.98
79.04,79.04,46.19,31.12,82.44
77.66,77.66,41.25,27.73,80.85
78.83,78.83,38.35,41.00,73.83
78.94,78.94,36.41,48.59,77.63
75.97,75.97,37.46,53.40,79.12
77.38,77.38,36.32,51.75,78.65
78.12,78.12,43.68,45.40,77.18
71.47,71.47,49.99,43.60,76.02
70.66,70.66,46.35,44.40,76.41
72.84,72.84,41.35,52.19,74.80
73.08,73.08,38.70,57.30,77.69
73.45,73.45,38.80,59.41,76.84
73.27,73.27,37.33,59.21,76.37
73.81,73.81,37.88,58.60,74.54
72.69,72.69,37.34,58.62,76.21
72.67,72.67,36.59,60.03,73.30
65.02,65.02,35.34,60.04,72.53
66.35,66.35,43.41,62.03,72.80
62.08,62.08,48.02,59.86,75.46
60.60,60.60,51.78,47.60,75.06
57.36,57.36,50.85,63.34,75.84
49.54,49.54,43.36,61.16,72.72
48.22,48.22,41.85,58.72,72.63
47.99,47.99,46.97,60.10,73.75
55.74,55.74,53.32,61.55,77.82
61.56,61.56,55.25,64.54,78.20
59.94,59.94,40.02,68.37,77.91
57.30,57.30,41.69,64.73,77.54
58.05,58.05,41.12,65.87,76.90
58.92,58.92,43.91,60.65,79.69
59.17,59.17,49.37,59.07,78.71
61.09,61.09,44.09,58.27,80.12
59.82,59.82,42.94,62.34,78.69
60.11,60.11,41.13,55.24,79.10
62.58,62.58,40.30,54.01,79.17
60.04,60.04,39.36,57.76,80.69
60.67,60.67,40.45,56.59,79.58
68.51,68.51,44.16,59.83,78.39
72.35,72.35,49.24,65.44,77.95
66.06,66.06,52.07,64.12,78.52
65.90,65.90,50.07,65.33,79.95
66.90,66.90,52.00,64.04,78.86
66.07,66.07,49.27,61.10,78.74
66.34,66.34,46.05,63.99,79.35
64.08,64.08,47.86,59.52,77.81
63.46,63.46,49.40,65.20,78.89
61.97,61.97,49.18,64.57,78.22
61.03,61.03,48.74,62.46,78.43
61.86,61.86,46.02,61.77,79.01
55.10,55.10,47.21,60.57,79.45
54.05,54.05,46.58,56.02,77.88
54.00,54.00,48.65,62.39,78.82
53.76,53.76,47.56,59.82,79.66
52.71,52.71,47.19,57.42,78.34
54.21,54.21,46.71,56.36,77.45
49.95,49.95,47.24,58.48,79.82
47.83,47.83,47.84,51.91,81.18
49.09,49.09,50.22,57.67,79.78
49.04,49.04,49.69,63.70,78.29
51.27,51.27,53.63,51.08,79.44
48.04,48.04,55.10,60.23,78.83
42.36,42.36,60.85,52.68,78.99
40.71,40.71,63.70,55.21,79.80
35.49,35.49,60.42,59.03,78.53
34.64,34.64,57.20,59.57,79.46
34.02,34.02,53.85,56.02,79.78
36.28,36.28,53.55,60.01,78.47
33.29,33.29,52.32,53.65,79.58
31.88,31.88,54.73,52.80,80.23
29.15,29.15,55.07,60.71,78.83
30.53,30.53,53.04,56.43,78.30
32.45,32.45,54.05,58.60,80.22
40.01,40.01,53.53,58.44,78.56
40.55,40.55,52.71,50.87,78.94
38.87,38.87,54.84,52.54,79.28
37.32,37.32,55.18,60.25,80.52
32.56,32.56,54.35,58.92,78.36
40.76,40.76,53.48,58.10,80.25
44.03,44.03,51.74,60.66,80.86
38.94,38.94,48.27,60.39,78.65
33.60,33.60,48.81,59.33,79.77
33.70,33.70,48.43,59.27,80.27
36.41,36.41,49.11,57.93,79.52
40.85,40.85,52.21,58.94,79.22
45.50,45.50,54.28,57.01,80.07
39.74,39.74,51.64,54.84,80.15
46.58,46.58,51.32,57.85,79.76
48.30,48.30,54.12,52.53,78.71
43.13,43.13,55.37,54.83,80.63
34.47,34.47,55.85,55.32,79.64
44.86,44.86,52.40,57.39,79.89
48.73,48.73,50.33,58.50,80.46
42.38,42.38,53.08,60.97,79.90
32.45,32.45,52.89,60.80,81.10
26.66,26.66,53.41,53.90,80.53
28.01,28.01,53.69,59.91,77.63
33.19,33.19,52.20,63.10,80.16
30.56,30.56,51.20,59.02,80.66
34.36,34.36,52.02,62.42,80.43
35.85,35.85,53.80,58.25,80.02
31.60,31.60,50.91,56.90,80.19
26.94,26.94,50.63,61.16,78.70
29.72,29.72,52.99,62.90,80.42
28.54,28.54,53.99,61.65,79.53
27.06,27.06,52.09,61.40,80.15
21.79,21.79,53.66,59.82,79.98
19.22,19.22,51.60,63.96,80.61
24.15,24.15,49.19,64.21,80.27
24.67,24.67,45.79,61.25,78.28
23.16,23.16,48.08,62.62,79.37
18.85,18.85,47.41,64.33,79.29
19.45,19.45,48.60,60.18,79.71
20.36,20.36,50.10,63.56,80.01
21.78,21.78,51.67,63.69,80.41
32.71,32.71,53.10,54.32,77.25
35.68,35.68,54.39,60.61,79.48
35.62,35.62,56.46,61.95,80.64
40.53,40.53,57.38,60.79,82.34
41.41,41.41,54.05,59.46,80.03
34.30,34.30,51.83,57.79,81.31
25.75,25.75,52.75,60.39,81.54
24.35,24.35,50.61,64.55,81.17
33.21,33.21,48.90,63.80,78.37
38.71,38.71,46.68,60.77,81.54
36.46,36.46,48.41,61.24,80.95
33.31,33.31,51.20,60.99,79.98
36.48,36.48,55.97,60.50,79.48
37.50,37.50,53.17,59.12,78.36
38.05,38.05,51.26,59.41,80.02
32.70,32.70,49.53,60.38,80.29
24.07,24.07,49.30,57.19,80.56
27.78,27.78,47.87,53.69,83.90
25.56,25.56,49.87,52.82,80.91
20.57,20.57,47.69,55.08,81.36
23.71,23.71,48.78,56.31,82.56
19.50,19.50,50.53,51.35,76.24
21.67,21.67,48.87,50.71,81.60
28.62,28.62,48.04,51.75,79.15
30.66,30.66,46.03,50.97,82.16
28.14,28.14,43.74,54.56,80.88
22.32,22.32,44.79,48.98,81.65
15.17,15.17,44.00,37.81,80.68
18.52,18.52,41.61,50.14,79.77
20.23,20.23,39.47,52.63,80.64
19.84,19.84,37.41,48.71,80.37
19.14,19.14,41.92,46.79,81.47
19.61,19.61,48.81,47.04,81.12
22.60,22.60,50.59,41.67,79.88
27.68,27.68,55.61,47.55,80.07
27.38,27.38,53.01,55.78,79.02
27.90,27.90,51.67,54.01,78.91
30.05,30.05,50.37,61.65,79.29
23.47,23.47,46.81,60.07,79.92
18.85,18.85,42.72,59.64,80.53
21.43,21.43,44.85,68.41,80.41
25.92,25.92,47.43,63.28,79.35
21.65,21.65,45.66,53.75,79.60
21.55,21.55,45.80,69.26,79.51
21.63,21.63,49.66,66.04,79.34
20.02,20.02,53.75,64.32,78.80
16.32,16.32,51.97,68.91,80.72
14.28,14.28,48.94,65.87,78.43
17.47,17.47,46.54,63.66,81.19
17.83,17.83,45.75,69.15,80.00
19.15,19.15,43.74,62.79,80.08
19.59,19.59,39.34,60.64,80.89
17.65,17.65,37.84,66.55,78.87
22.81,22.81,38.84,67.62,80.24
25.06,25.06,43.79,56.05,79.51
21.02,21.02,48.00,65.15,79.41
24.78,24.78,56.32,55.99,80.66
23.34,23.34,56.43,52.84,78.84
22.31,22.31,53.54,59.68,80.74
21.56,21.56,50.47,55.87,80.46
21.07,21.07,50.90,53.85,80.87
25.94,25.94,51.39,54.01,79.85
27.88,27.88,49.96,57.96,78.99
35.17,35.17,45.39,55.85,81.15
40.91,40.91,45.92,45.19,80.97
39.69,39.69,43.69,52.51,81.45
31.52,31.52,43.28,56.67,80.88
23.56,23.56,45.68,59.23,82.54
22.99,22.99,46.53,54.92,82.02
25.32,25.32,48.24,56.40,80.93
31.37,31.37,47.50,55.72,81.37
28.92,28.92,46.31,56.70,80.99
31.09,31.09,46.50,59.80,79.48
30.23,30.23,45.01,61.27,80.99
26.33,26.33,45.62,60.55,81.99
25.96,25.96,45.70,62.06,82.63
24.98,24.98,47.32,62.97,79.41
23.24,23.24,45.40,61.22,80.56
23.99,23.99,47.96,62.34,81.20
25.40,25.40,47.41,62.47,80.63
26.22,26.22,48.86,59.65,80.39
22.61,22.61,48.55,61.57,79.17
22.72,22.72,48.87,51.92,78.30
22.74,22.74,49.36,57.00,79.60
21.76,21.76,49.41,63.46,80.06
23.82,23.82,46.87,59.34,81.32
23.77,23.77,43.93,61.46,79.03
21.50,21.50,44.95,63.51,80.18
23.66,23.66,49.18,54.61,79.28
25.96,25.96,51.95,62.05,81.29
23.89,23.89,51.66,59.89,81.00
20.43,20.43,49.92,57.05,80.15
22.30,22.30,49.72,60.67,79.81
21.10,21.10,48.03,62.23,78.85
25.03,25.03,47.64,60.30,80.80
26.03,26.03,48.20,61.84,78.57
23.58,23.58,49.18,60.46,80.28
19.74,19.74,50.00,57.75,79.38
26.52,26.52,49.47,58.62,79.22
30.10,30.10,51.62,63.68,79.61
28.41,28.41,50.25,61.80,80.52
27.05,27.05,47.62,58.63,79.96
26.65,26.65,45.26,52.86,80.04
28.87,28.87,45.09,45.01,78.92
25.51,25.51,44.56,58.57,80.04
21.45,21.45,45.39,63.32,80.53
21.92,21.92,45.87,63.12,78.74
23.26,23.26,47.30,62.56,79.28
24.73,24.73,48.73,65.79,80.28
25.23,25.23,51.77,63.96,81.52
25.54,25.54,48.65,63.32,79.30
24.26,24.26,47.27,63.53,80.11
23.54,23.54,44.52,61.83,79.89
23.88,23.88,42.77,64.08,79.82
25.81,25.81,42.59,65.25,80.31
25.58,25.58,44.91,62.74,80.39
26.33,26.33,44.16,63.49,81.00
25.69,25.69,48.20,61.85,79.27
21.92,21.92,50.72,60.18,79.93
20.88,20.88,51.21,64.14,79.26
22.13,22.13,50.15,60.70,79.44
26.57,26.57,49.54,58.88,81.01
27.84,27.84,45.39,58.76,80.88
29.36,29.36,49.76,56.10,79.59
30.22,30.22,46.84,59.59,79.90
30.84,30.84,48.11,61.10,80.52
28.15,28.15,47.07,61.35,79.00
22.44,22.44,48.41,65.56,79.75
21.69,21.69,49.93,66.08,79.22
24.28,24.28,46.83,64.65,79.40
25.30,25.30,45.39,65.87,79.78
28.51,28.51,46.48,64.68,79.69
32.08,32.08,44.99,65.38,81.53
29.69,29.69,42.09,67.52,79.93
24.77,24.77,41.21,64.90,79.12
22.46,22.46,44.72,64.05,78.93
24.35,24.35,47.27,64.27,78.17
23.36,23.36,47.43,65.25,78.32
24.32,24.32,47.39,65.13,77.92
22.67,22.67,47.21,63.84,78.70
22.84,22.84,46.15,65.55,78.92
23.95,23.95,47.20,63.85,78.80
23.60,23.60,48.15,62.06,78.96
30.41,30.41,48.68,59.83,77.23
35.81,35.81,50.49,51.42,79.01
37.48,37.48,50.36,60.69,78.02
32.62,32.62,49.73,64.82,80.28
25.87,25.87,47.80,62.60,78.29
33.69,33.69,47.05,63.88,78.51
35.32,35.32,45.08,63.70,78.33
32.93,32.93,46.10,59.84,77.91
31.14,31.14,46.38,60.93,77.68
30.29,30.29,49.81,55.18,77.81
29.31,29.31,51.46,52.48,77.65
25.23,25.23,50.60,59.12,77.54
35.39,35.39,47.90,61.42,76.74
35.55,35.55,46.82,60.83,77.54
41.34,41.34,47.07,58.72,78.35
42.07,42.07,50.34,58.46,77.11
35.73,35.73,58.82,57.64,76.18
22.54,22.54,59.75,59.43,80.15
18.55,18.55,55.59,56.96,79.99
24.55,24.55,53.97,50.32,80.31
31.12,31.12,54.18,49.98,79.23
32.57,32.57,53.80,55.14,80.05
29.31,29.31,54.39,60.10,78.62
27.57,27.57,52.16,60.15,77.69
25.53,25.53,47.85,59.24,78.31
22.85,22.85,52.10,58.00,79.51
24.38,24.38,50.98,57.70,77.68
28.97,28.97,50.17,58.62,78.65
29.55,29.55,47.86,55.18,78.74
24.25,24.25,47.74,52.74,77.44
29.04,29.04,47.60,52.88,78.61
27.97,27.97,46.84,56.24,77.68
31.45,31.45,47.85,56.06,78.63
26.12,26.12,47.38,46.99,78.35
27.00,27.00,54.17,55.66,77.41
26.62,26.62,55.97,45.27,77.16
22.84,22.84,53.72,53.93,76.98
22.98,22.98,52.63,55.74,77.63
27.32,27.32,52.26,63.50,77.05
33.25,33.25,53.66,61.67,78.61
30.77,30.77,51.71,60.57,76.10
28.45,28.45,52.61,61.78,76.30
31.28,31.28,51.26,56.00,74.94
45.64,45.64,61.10,64.31,77.42
47.27,47.27,60.45,65.91,76.84
44.24,44.24,57.40,63.24,77.45
41.21,41.21,54.43,63.12,72.88
41.77,41.77,55.10,64.30,77.34
42.83,42.83,53.15,54.84,80.64
43.03,43.03,54.39,49.97,80.50
37.17,37.17,58.89,56.45,79.46
37.10,37.10,61.28,62.23,78.32
36.79,36.79,58.89,58.01,80.18
37.85,37.85,56.58,54.72,76.22
41.43,41.43,56.11,63.63,75.93
40.64,40.64,55.11,59.51,76.37
35.02,35.02,54.66,56.27,76.93
30.12,30.12,52.22,58.96,78.14
25.31,25.31,53.06,59.92,78.45
25.41,25.41,58.44,63.79,77.21
26.67,26.67,58.70,62.01,79.15
28.72,28.72,56.79,59.50,81.18
26.35,26.35,55.56,55.91,80.76
19.91,19.91,52.20,58.79,75.77
17.49,17.49,52.60,59.22,76.38
24.30,24.30,51.51,58.21,78.71
24.43,24.43,52.49,54.97,78.76
18.47,18.47,61.42,54.87,78.00
22.59,22.59,61.21,55.82,77.16
31.53,31.53,57.66,60.37,78.29
27.82,27.82,58.77,52.95,77.36
25.83,25.83,57.42,54.56,75.78
25.48,25.48,54.13,57.34,80.84
26.87,26.87,51.20,59.60,80.64
24.69,24.69,50.06,62.36,77.72
24.38,24.38,45.27,55.34,78.93
24.12,24.12,50.72,53.01,78.92
27.55,27.55,53.39,56.52,81.57
31.05,31.05,50.94,63.24,77.34
28.86,28.86,50.83,62.24,77.36
29.55,29.55,52.03,62.96,78.92
29.75,29.75,52.26,63.82,78.96
28.60,28.60,50.84,63.72,74.96
22.09,22.09,47.41,62.74,76.71
18.13,18.13,47.36,60.70,74.91
15.11,15.11,51.35,61.20,78.82
14.92,14.92,47.77,61.64,83.71
15.25,15.25,46.97,60.79,82.09
13.73,13.73,44.54,59.63,82.67
14.95,14.95,43.65,57.37,81.06
18.31,18.31,42.85,55.20,79.97
20.16,20.16,42.49,52.84,81.14
21.15,21.15,42.56,56.46,79.26
25.04,25.04,48.60,61.09,81.14
30.52,30.52,48.81,62.23,82.27
28.81,28.81,47.40,60.48,81.23
23.52,23.52,46.09,57.52,82.55
23.58,23.58,44.09,55.50,81.54
28.91,28.91,41.63,58.89,80.52
32.97,32.97,43.70,56.59,82.39
29.39,29.39,46.80,57.84,80.85
30.47,30.47,50.37,61.43,78.68
32.98,32.98,62.13,55.98,74.73
32.95,32.95,54.62,52.83,82.90
36.45,36.45,51.31,58.79,81.44
37.90,37.90,51.87,52.99,76.99
36.13,36.13,47.78,55.98,76.66
37.04,37.04,47.57,57.76,78.63
37.17,37.17,45.61,61.29,76.72
37.13,37.13,45.17,61.16,79.69
37.52,37.52,49.62,57.94,78.43
38.23,38.23,53.68,59.90,78.38
34.08,34.08,50.08,60.08,78.90
33.46,33.46,51.29,52.81,78.54
35.03,35.03,48.81,56.48,79.53
31.91,31.91,47.19,58.44,78.27
37.13,37.13,49.01,57.21,79.57
39.36,39.36,46.67,57.27,77.83
36.23,36.23,48.89,56.21,79.47
35.33,35.33,55.49,54.29,79.76
39.26,39.26,59.34,56.63,78.91
36.57,36.57,51.69,59.06,80.89
37.33,37.33,48.96,57.51,79.92
37.03,37.03,46.76,54.43,81.17
31.43,31.43,43.79,49.16,81.08
28.86,28.86,46.41,56.95,78.12
30.08,30.08,52.78,60.77,76.51
34.33,34.33,55.80,56.19,77.71
35.23,35.23,54.08,62.65,79.77
35.38,35.38,50.76,62.90,79.38
35.36,35.36,49.47,62.26,79.35
32.53,32.53,45.66,62.53,79.24
33.55,33.55,45.42,62.19,78.99
35.39,35.39,45.67,63.83,79.61
32.18,32.18,47.02,60.29,79.88
31.97,31.97,58.83,47.33,80.60
29.75,29.75,58.59,47.75,77.58
24.86,24.86,57.68,58.70,76.91
27.38,27.38,58.85,61.18,79.57
28.47,28.47,58.51,57.54,78.96
30.51,30.51,58.80,66.13,77.84
33.28,33.28,57.29,57.89,77.93
38.19,38.19,56.00,65.33,76.71
40.26,40.26,56.04,64.31,77.08
46.02,46.02,62.49,56.73,76.23
48.29,48.29,62.33,64.07,79.94
45.03,45.03,59.90,61.24,78.00
37.52,37.52,59.01,53.05,75.49
32.65,32.65,56.46,60.58,78.81
34.88,34.88,53.98,60.42,82.02
37.85,37.85,51.32,60.22,76.61
36.92,36.92,50.96,64.36,80.06
42.72,42.72,56.08,60.58,78.77
44.29,44.29,57.43,66.20,79.06
42.54,42.54,55.33,61.30,81.56
41.86,41.86,53.50,54.67,77.07
41.18,41.18,51.33,62.03,77.28
41.71,41.71,47.28,55.27,77.68
41.69,41.69,45.73,57.08,78.74
43.04,43.04,47.80,46.15,76.80
42.63,42.63,48.41,61.11,80.30
45.91,45.91,53.69,60.94,78.65
48.97,48.97,55.37,52.10,78.22
47.01,47.01,55.03,60.09,78.01
51.29,51.29,54.47,51.86,77.07
49.35,49.35,50.13,51.06,76.00
52.17,52.17,49.73,61.18,80.36
56.32,56.32,52.17,55.27,78.46
63.95,63.95,59.94,52.59,78.61
66.01,66.01,62.12,51.57,75.34
74.37,74.37,54.25,49.05,76.96
76.30,76.30,50.03,47.55,76.41
75.30,75.30,43.15,52.97,78.67
76.01,76.01,39.87,58.43,72.36
74.54,74.54,40.01,56.19,73.73
73.81,73.81,41.91,57.04,70.72
73.88,73.88,46.62,51.44,72.71
73.63,73.63,52.53,48.32,74.01
73.67,73.67,59.19,53.49,72.07
75.29,75.29,56.37,58.71,71.05
74.58,74.58,55.20,55.36,71.29
76.47,76.47,52.80,58.34,71.84
76.09,76.09,50.33,55.77,67.75
77.17,77.17,52.50,53.53,70.48
75.51,75.51,50.81,52.60,72.60
71.11,71.11,56.16,46.78,78.43
70.37,70.37,52.15,55.50,77.51
71.61,71.61,49.83,50.89,79.23
72.87,72.87,48.06,58.26,77.63
71.41,71.41,46.61,68.11,78.88
71.87,71.87,47.12,60.35,76.46
69.35,69.35,46.64,56.89,75.66
68.85,68.85,47.36,57.26,75.49
68.69,68.69,48.92,53.66,76.24
70.56,70.56,56.48,59.50,74.85
71.08,71.08,57.74,65.66,76.26
70.92,70.92,55.97,62.04,75.55
71.88,71.88,52.54,54.64,74.13
72.62,72.62,51.16,57.78,74.52
73.80,73.80,51.36,63.72,71.87
77.13,77.13,50.17,64.58,69.49
78.03,78.03,49.19,65.08,71.16
77.37,77.37,52.90,65.40,68.92
73.89,73.89,63.11,59.48,75.42
71.69,71.69,60.10,62.75,77.71
67.74,67.74,58.07,64.71,76.68
71.40,71.40,56.16,68.22,75.19
73.39,73.39,55.65,65.62,75.26
75.11,75.11,53.90,63.51,72.56
75.32,75.32,49.44,59.22,74.03
75.45,75.45,45.80,62.26,76.43
74.81,74.81,45.09,63.42,74.39
73.61,73.61,51.90,58.50,76.87
72.80,72.80,55.02,60.69,75.89
75.35,75.35,53.63,62.40,74.14
75.85,75.85,50.07,64.27,75.26
76.28,76.28,47.33,61.42,70.45
75.88,75.88,48.68,60.47,74.29
75.34,75.34,51.83,59.01,73.56
74.78,74.78,55.56,61.24,72.84
75.19,75.19,72.98,61.68,76.78
73.04,73.04,73.67,59.57,71.64
72.54,72.54,65.44,61.31,75.13
71.50,71.50,66.01,56.23,77.53
68.92,68.92,62.52,63.47,78.31
68.78,68.78,63.10,58.51,76.32
69.07,69.07,61.57,65.64,75.01
70.71,70.71,58.77,65.20,75.13
68.27,68.27,54.63,61.97,73.98
69.85,69.85,51.75,63.77,75.80
68.26,68.26,50.46,68.85,82.14
62.49,62.49,48.35,67.99,79.60
63.40,63.40,48.63,66.23,77.86
66.68,66.68,54.69,66.46,75.64
69.98,69.98,62.20,67.97,74.22
66.48,66.48,65.73,66.89,75.81
65.01,65.01,69.38,68.01,74.01
63.83,63.83,68.83,67.04,73.82
68.22,68.22,66.58,68.13,76.85
71.06,71.06,65.60,68.45,76.57
72.32,72.32,62.83,67.60,75.88
71.46,71.46,64.50,66.35,74.21
70.31,70.31,61.69,66.09,70.45
65.21,65.21,62.67,66.07,71.44
62.87,62.87,64.66,65.53,72.33
60.74,60.74,64.83,61.67,76.24
65.03,65.03,60.98,60.33,80.21
61.99,61.99,54.31,61.78,79.89
56.62,56.62,53.06,65.30,78.46
57.56,57.56,52.53,67.98,74.78
62.60,62.60,53.90,64.78,76.39
64.97,64.97,55.00,65.27,75.68
68.68,68.68,52.15,59.80,75.74
74.70,74.70,59.60,58.68,71.99
75.90,75.90,57.21,52.63,73.23
73.69,73.69,54.51,61.51,72.57
72.95,72.95,51.88,61.95,74.59
73.79,73.79,51.72,67.70,71.95
72.53,72.53,47.91,66.66,70.47
69.73,69.73,46.15,65.05,74.41
67.44,67.44,46.72,68.23,71.25
68.26,68.26,50.41,67.77,72.74
69.41,69.41,54.09,67.78,73.13
73.50,73.50,55.17,67.81,76.87
66.17,66.17,52.44,63.93,76.99
69.42,69.42,56.33,60.78,74.77
65.70,65.70,59.16,62.51,70.70
66.18,66.18,62.74,60.53,75.22
67.24,67.24,57.38,66.46,68.02
74.65,74.65,61.40,65.31,73.77
76.44,76.44,63.38,68.23,71.26
75.66,75.66,54.79,66.39,69.13
73.61,73.61,52.82,58.21,75.34
72.96,72.96,50.81,60.05,72.08
71.60,71.60,51.23,64.82,72.93
73.98,73.98,47.57,68.84,72.12
71.33,71.33,47.18,71.48,72.69
72.23,72.23,50.24,67.30,73.25
73.32,73.32,43.21,65.79,72.36
73.34,73.34,43.32,62.46,73.56
71.17,71.17,45.44,62.34,70.95
71.56,71.56,46.58,64.17,69.09
72.18,72.18,53.12,67.60,67.52
72.98,72.98,58.94,68.52,69.96
69.63,69.63,68.15,67.85,74.88
69.18,69.18,68.85,66.49,74.60
69.38,69.38,67.86,62.46,78.73
74.39,74.39,64.99,58.19,74.50
74.04,74.04,64.20,55.01,71.30
73.68,73.68,62.18,44.78,72.48
74.25,74.25,60.02,56.52,74.77
73.44,73.44,61.50,66.04,72.46
71.75,71.75,59.36,70.24,71.31
71.72,71.72,60.60,69.67,72.67
72.47,72.47,56.25,66.97,71.29
70.52,70.52,53.80,69.71,72.91
74.17,74.17,53.16,70.49,76.36
71.24,71.24,48.99,67.34,78.28
68.11,68.11,48.93,64.62,74.74
72.54,72.54,48.65,62.70,72.00
71.91,71.91,53.40,63.73,68.09
74.08,74.08,58.97,62.56,66.85
73.46,73.46,61.61,57.42,70.70
74.90,74.90,75.49,56.37,69.97
77.02,77.02,63.76,56.66,72.71
74.32,74.32,64.00,58.82,73.97
76.25,76.25,58.33,63.39,71.47
76.43,76.43,54.04,71.33,73.28
74.54,74.54,51.81,73.52,75.04
71.75,71.75,48.87,75.13,76.26
74.08,74.08,53.29,75.41,74.79
76.90,76.90,59.88,73.31,71.56
75.52,75.52,53.29,72.20,74.11
72.05,72.05,51.06,72.11,74.49
71.04,71.04,47.23,74.50,72.92
71.18,71.18,47.49,72.64,73.69
71.01,71.01,49.63,73.22,75.04
74.27,74.27,61.84,71.91,73.03
75.06,75.06,71.02,70.40,73.73
77.14,77.14,65.57,70.55,72.32
77.51,77.51,63.55,64.15,73.16
76.24,76.24,62.13,63.85,77.22
75.37,75.37,60.16,66.00,72.38
75.55,75.55,57.87,65.73,75.75
72.85,72.85,56.65,71.89,72.67
74.83,74.83,52.50,77.82,74.66
74.62,74.62,50.84,75.12,71.77
74.30,74.30,49.37,74.99,72.03
74.43,74.43,46.47,75.83,73.63
80.75,80.75,47.80,78.52,73.13
78.69,78.69,47.02,77.27,69.53
75.78,75.78,47.51,76.25,69.67
73.86,73.86,49.63,77.47,70.37
71.90,71.90,53.70,77.69,71.64
72.85,72.85,56.50,78.80,72.60
72.81,72.81,57.88,78.27,70.40
79.10,79.10,58.42,76.38,72.54
79.45,79.45,59.45,74.57,68.04
77.47,77.47,58.75,72.47,69.41
77.40,77.40,58.40,71.71,68.15
75.63,75.63,57.70,72.16,69.30
71.99,71.99,58.53,71.35,69.91
68.60,68.60,58.89,73.26,73.39
65.48,65.48,62.00,71.98,73.59
67.91,67.91,64.00,69.84,78.21
79.72,79.72,63.38,64.74,76.74
80.88,80.88,59.37,67.29,73.71
79.26,79.26,58.57,66.19,70.74
78.18,78.18,57.77,62.17,73.01
75.96,75.96,57.75,60.19,73.08
72.52,72.52,59.32,66.17,74.05
75.67,75.67,69.67,67.27,73.56
77.87,77.87,69.80,66.15,70.15
78.26,78.26,63.77,68.34,73.46
77.97,77.97,60.77,69.16,74.12
76.52,76.52,56.69,68.98,74.16
74.35,74.35,55.05,74.90,73.31
72.72,72.72,57.64,74.42,74.83
72.90,72.90,55.22,74.22,76.03
71.34,71.34,49.69,75.40,77.14
70.33,70.33,51.32,75.60,78.79
80.17,80.17,53.82,76.22,77.75
77.96,77.96,53.50,73.31,74.98
76.55,76.55,52.62,72.19,75.34
75.67,75.67,49.79,70.36,74.88
73.82,73.82,51.03,67.11,76.03
72.61,72.61,54.29,73.14,74.21
69.11,69.11,60.02,69.04,78.23
77.69,77.69,77.22,61.84,73.19
79.02,79.02,67.10,67.80,70.19
78.29,78.29,60.91,62.27,75.65
76.30,76.30,60.17,65.82,77.08
77.67,77.67,58.90,65.85,75.50
76.66,76.66,54.51,56.84,74.49
73.61,73.61,51.80,62.57,73.05
73.66,73.66,49.88,68.47,74.39
74.13,74.13,50.19,70.99,73.06
78.30,78.30,49.54,67.94,73.99
78.42,78.42,49.98,70.55,71.02
76.35,76.35,50.52,65.92,70.04
75.28,75.28,52.43,65.92,70.88
72.88,72.88,52.43,67.62,71.06
74.13,74.13,50.00,71.74,73.02
70.96,70.96,54.10,72.74,71.14
71.03,71.03,60.10,73.30,73.01
73.76,73.76,58.33,72.78,76.86
77.28,77.28,53.46,65.26,77.21
76.92,76.92,52.36,56.90,74.22
76.19,76.19,52.01,59.14,72.37
75.39,75.39,51.59,55.09,71.16
72.33,72.33,51.92,67.04,71.40
71.88,71.88,52.34,72.47,73.47
70.66,70.66,48.85,74.48,71.25
71.70,71.70,51.07,72.74,70.28
75.46,75.46,50.16,70.77,72.95
75.27,75.27,48.60,73.83,70.07
73.45,73.45,47.82,73.32,72.04
73.95,73.95,51.03,70.31,69.60
75.29,75.29,51.59,70.02,68.12
73.79,73.79,54.87,67.53,67.69
76.18,76.18,64.36,66.22,70.69
77.05,77.05,73.21,59.88,68.67
77.89,77.89,60.93,56.30,76.28
77.37,77.37,62.01,57.43,72.57
76.80,76.80,59.41,52.13,68.50
76.96,76.96,59.68,64.50,66.58
77.67,77.67,58.75,69.68,69.10
77.62,77.62,58.30,71.23,71.00
77.03,77.03,56.32,68.46,70.27
75.68,75.68,56.21,68.05,69.94
77.98,77.98,59.31,68.90,67.90
77.77,77.77,52.24,68.72,67.26
78.22,78.22,48.36,67.52,68.15
76.61,76.61,45.03,69.65,68.84
75.62,75.62,44.35,69.20,69.48
75.98,75.98,43.19,68.58,70.59
76.79,76.79,46.60,67.44,68.88
76.42,76.42,50.87,62.35,66.45
76.85,76.85,72.68,55.79,67.05
77.37,77.37,64.66,56.87,69.55
76.00,76.00,59.84,59.17,69.24
74.39,74.39,62.27,56.04,74.38
73.37,73.37,60.78,61.57,75.07
73.92,73.92,54.14,71.29,74.19
72.22,72.22,56.27,73.73,74.67
71.86,71.86,55.78,71.38,75.12
71.95,71.95,50.98,73.01,74.33
73.81,73.81,49.67,73.45,73.23
75.72,75.72,52.05,73.18,72.69
77.61,77.61,53.96,68.81,72.13
75.65,75.65,52.98,69.03,72.34
74.73,74.73,51.54,71.18,72.80
74.38,74.38,47.81,71.62,72.53
72.97,72.97,48.37,71.03,72.83
73.65,73.65,53.37,71.84,72.12
74.61,74.61,56.95,71.03,74.02
75.72,75.72,59.22,71.00,71.22
75.52,75.52,60.29,69.06,71.81
75.21,75.21,58.73,67.04,73.31
74.03,74.03,58.90,65.80,71.92
73.80,73.80,55.63,65.21,71.26
76.11,76.11,55.17,64.39,71.76
76.30,76.30,52.37,62.82,71.48
76.51,76.51,50.00,60.09,69.45
76.13,76.13,52.64,61.39,72.28
76.22,76.22,52.58,60.44,70.52
75.88,75.88,49.29,59.31,71.08
76.83,76.83,49.82,59.11,72.51
77.28,77.28,51.11,58.97,71.00
76.43,76.43,52.53,61.77,73.44
75.73,75.73,69.47,61.49,73.05
74.88,74.88,65.59,62.77,72.11
75.22,75.22,59.07,62.02,72.44
75.18,75.18,59.10,60.81,75.06
75.00,75.00,59.06,66.77,71.79
74.85,74.85,55.98,65.33,73.02
75.08,75.08,54.55,68.46,70.55
74.85,74.85,53.36,68.63,71.45
75.99,75.99,50.24,68.15,72.01
75.93,75.93,47.47,68.89,72.36
75.20,75.20,45.42,65.21,71.35
75.42,75.42,44.10,65.80,71.33
75.59,75.59,46.88,67.60,72.84
76.24,76.24,48.61,68.20,70.18
74.65,74.65,44.70,68.31,71.94
74.87,74.87,45.11,68.39,72.26
72.00,72.00,46.55,65.55,70.89
74.42,74.42,48.24,56.90,71.10
76.16,76.16,69.56,59.44,68.31
76.14,76.14,62.60,60.74,69.83
75.80,75.80,59.39,56.07,73.04
75.32,75.32,56.92,59.05,73.85
74.55,74.55,56.12,60.66,74.79
75.06,75.06,52.68,51.94,73.22
74.31,74.31,50.49,50.65,73.89
74.43,74.43,48.56,59.54,72.21
74.67,74.67,47.92,66.22,73.73
74.69,74.69,47.91,65.21,73.26
74.26,74.26,46.05,66.09,72.95
74.99,74.99,42.69,67.60,72.92
74.82,74.82,42.23,69.49,72.35
73.18,73.18,41.37,66.30,72.44
74.36,74.36,41.12,65.47,73.75
73.94,73.94,42.37,63.50,70.23
73.24,73.24,46.92,64.79,68.76
73.01,73.01,58.90,63.32,70.69
73.60,73.60,56.92,65.84,70.41
73.61,73.61,55.87,61.99,71.60
73.40,73.40,52.67,61.52,73.95
74.67,74.67,51.26,61.50,72.74
77.15,77.15,50.91,61.57,70.51
75.46,75.46,48.65,67.10,71.59
75.08,75.08,46.48,71.39,73.26
74.93,74.93,45.56,69.94,69.63
74.84,74.84,45.13,69.22,70.99
76.51,76.51,43.90,70.61,70.07
75.77,75.77,43.11,69.21,69.89
75.42,75.42,42.76,67.24,69.50
75.81,75.81,45.47,66.91,69.38
74.91,74.91,46.87,66.75,71.98
74.84,74.84,71.81,63.72,70.39
74.68,74.68,62.27,63.96,72.07
76.86,76.86,58.35,63.60,71.92
75.40,75.40,57.99,60.60,71.27
75.64,75.64,55.22,62.17,72.97
75.55,75.55,50.71,57.16,71.74
74.04,74.04,47.74,64.92,74.04
75.23,75.23,47.81,70.96,71.74
74.30,74.30,44.98,70.92,72.20
74.95,74.95,54.91,69.29,72.05
75.74,75.74,56.92,68.37,74.22
74.04,74.04,49.69,65.99,72.95
75.65,75.65,45.42,69.53,72.52
75.04,75.04,44.27,69.42,71.10
73.39,73.39,43.52,69.68,71.50
70.57,70.57,46.54,73.82,72.59
70.26,70.26,52.69,71.64,72.99
77.39,77.39,73.75,68.27,68.39
73.77,73.77,64.91,65.37,72.95
71.70,71.70,63.28,57.98,73.02
70.72,70.72,64.64,63.60,75.25
76.49,76.49,63.84,62.32,72.91
76.24,76.24,60.20,61.16,72.14
74.32,74.32,59.63,66.94,70.45
74.17,74.17,58.80,70.71,70.23
73.05,73.05,55.96,72.05,72.36
69.20,69.20,53.45,74.02,70.47
66.36,66.36,51.04,73.56,73.58
67.77,67.77,48.23,74.39,72.98
75.19,75.19,45.92,74.07,74.60
69.22,69.22,47.44,72.70,73.70
69.75,69.75,46.66,70.93,72.49
68.20,68.20,44.98,70.65,72.67
66.22,66.22,45.74,73.44,72.36
71.08,71.08,56.28,71.54,71.19
67.34,67.34,53.86,70.66,70.80
67.84,67.84,49.10,72.25,71.77
71.85,71.85,52.54,68.00,74.68
68.53,68.53,52.00,56.89,74.51
66.43,66.43,48.35,60.90,73.19
67.58,67.58,44.36,59.05,73.38
67.62,67.62,41.66,59.76,72.46
67.29,67.29,43.61,63.33,72.58
69.06,69.06,53.21,60.01,71.48
71.97,71.97,53.62,63.86,72.56
68.34,68.34,53.87,52.68,72.72
69.54,69.54,54.52,52.85,71.74
70.04,70.04,55.59,66.66,73.49
67.06,67.06,55.39,62.70,70.07
68.46,68.46,55.04,64.87,72.17
71.77,71.77,61.39,61.60,74.67
73.00,73.00,63.10,58.76,71.85
72.22,72.22,56.53,55.99,71.19
73.40,73.40,54.13,60.79,70.92
71.65,71.65,52.23,63.35,69.85
70.60,70.60,46.81,67.59,73.16
68.42,68.42,44.68,67.20,71.84
66.36,66.36,42.78,64.13,72.91
67.40,67.40,42.50,64.30,71.99
67.92,67.92,43.71,63.61,71.67
67.88,67.88,45.25,62.73,73.58
66.74,66.74,43.01,65.23,74.62
64.85,64.85,43.31,62.20,71.51
65.59,65.59,42.44,60.37,74.28
63.42,63.42,43.69,58.21,72.36
65.02,65.02,46.86,64.16,75.37
64.94,64.94,52.73,68.67,74.15
67.04,67.04,68.22,57.62,74.47
67.04,67.04,67.35,57.36,72.08
74.07,74.07,65.75,63.54,72.66
73.01,73.01,65.05,64.34,72.74
73.50,73.50,65.06,53.49,72.89
72.39,72.39,55.40,51.77,72.93
70.57,70.57,51.87,58.27,71.66
72.00,72.00,53.21,67.38,72.12
71.89,71.89,47.79,67.63,70.69
71.72,71.72,46.75,67.71,71.40
71.34,71.34,46.19,64.58,69.73
75.09,75.09,46.23,64.12,71.49
74.48,74.48,43.75,65.03,68.78
73.41,73.41,45.58,62.13,69.93
73.80,73.80,44.38,60.52,67.41
72.83,72.83,43.04,64.48,68.06
71.83,71.83,40.31,68.21,68.73
71.72,71.72,42.99,67.24,70.01
68.69,68.69,41.66,66.10,75.50
73.11,73.11,44.35,63.85,74.47
73.95,73.95,43.63,55.76,72.81
72.34,72.34,43.04,57.66,73.92
73.37,73.37,41.25,63.93,72.18
72.04,72.04,40.08,66.93,73.37
72.96,72.96,38.23,66.84,70.64
74.36,74.36,39.36,62.81,70.21
70.93,70.93,45.43,64.33,72.03
73.71,73.71,45.88,61.53,72.50
73.78,73.78,44.01,61.09,71.94
73.19,73.19,42.52,60.71,73.47
71.88,71.88,41.76,51.29,71.55
72.41,72.41,41.93,55.98,72.36
71.88,71.88,45.35,55.87,71.44
70.11,70.11,51.01,56.88,71.60
70.92,70.92,71.45,61.18,72.63
70.37,70.37,66.24,54.01,71.31
72.86,72.86,62.69,49.13,73.24
74.13,74.13,61.63,56.82,73.76
72.10,72.10,59.54,62.73,71.75
72.96,72.96,53.42,65.44,72.20
74.09,74.09,50.03,65.43,69.23
76.13,76.13,47.51,65.40,69.09
75.01,75.01,43.39,63.30,69.79
75.78,75.78,42.46,61.80,70.04
72.67,72.67,45.48,63.38,71.29
72.65,72.65,41.47,58.69,70.99
73.48,73.48,42.92,59.73,70.97
70.69,70.69,41.52,65.52,69.27
66.84,66.84,41.75,63.81,71.22
70.15,70.15,52.02,59.67,72.75
72.15,72.15,64.79,59.78,72.40
70.43,70.43,70.32,64.04,73.36
75.05,75.05,59.05,59.42,75.23
74.28,74.28,58.74,54.93,73.83
71.87,71.87,54.95,65.98,72.36
71.88,71.88,52.65,71.62,74.36
70.84,70.84,48.36,75.58,75.43
70.74,70.74,49.28,76.90,75.80
71.53,71.53,51.91,74.88,71.84
73.18,73.18,51.98,74.49,73.53
73.30,73.30,48.35,73.76,71.91
73.81,73.81,44.57,72.31,73.94
74.66,74.66,44.28,71.00,68.93
73.20,73.20,43.18,70.86,72.73
74.62,74.62,44.41,71.00,69.65
74.52,74.52,49.26,69.97,69.68
74.76,74.76,54.32,64.85,70.29
72.78,72.78,56.86,65.16,68.46
70.69,70.69,58.35,65.06,69.60
73.25,73.25,53.58,65.06,72.17
73.41,73.41,53.28,63.75,70.60
74.07,74.07,53.27,64.62,66.88
73.09,73.09,52.08,64.95,70.87
72.04,72.04,51.80,64.72,69.33
71.22,71.22,52.72,64.55,68.36
69.71,69.71,54.54,66.06,67.54
66.33,66.33,57.26,67.10,67.42
67.86,67.86,57.15,67.79,69.46
71.57,71.57,52.44,63.52,70.59
78.19,78.19,51.87,57.71,72.04
72.34,72.34,49.48,65.96,69.92
73.17,73.17,48.99,65.80,72.09
73.95,73.95,52.74,63.97,70.79
75.30,75.30,56.79,60.81,65.98
75.35,75.35,52.88,67.69,71.42
74.77,74.77,49.36,58.23,72.97
75.01,75.01,46.80,57.87,70.79
73.16,73.16,49.87,48.74,72.28
73.96,73.96,50.22,60.27,67.22
73.91,73.91,48.67,68.41,69.56
73.26,73.26,49.27,66.63,69.05
72.20,72.20,44.59,64.58,70.02
72.86,72.86,43.82,65.23,68.85
71.90,71.90,45.91,65.34,72.78
74.83,74.83,48.38,61.68,70.94
71.83,71.83,47.18,58.90,68.71
72.29,72.29,47.17,63.43,70.03
71.32,71.32,45.60,62.40,70.52
72.69,72.69,45.38,57.17,69.16
71.51,71.51,52.53,67.92,70.61
72.70,72.70,48.31,62.73,70.13
73.37,73.37,47.89,60.46,70.03
72.32,72.32,45.86,57.67,72.48
73.35,73.35,47.41,60.32,74.20
72.96,72.96,44.32,57.68,73.48
72.81,72.81,43.32,63.76,74.88
73.06,73.06,42.85,57.80,73.45
72.43,72.43,42.03,67.38,73.10
71.16,71.16,39.14,65.46,71.25
72.93,72.93,38.43,63.30,70.57
72.27,72.27,34.95,65.00,71.18
75.59,75.59,38.12,62.86,68.97
72.40,72.40,38.16,62.43,71.46
72.36,72.36,40.28,59.70,71.78
72.50,72.50,43.24,64.15,71.00
73.78,73.78,52.12,64.94,72.23
73.29,73.29,60.16,67.25,70.03
72.37,72.37,58.22,64.99,70.60
72.82,72.82,56.63,59.32,73.11
73.73,73.73,54.64,52.62,74.87
73.36,73.36,52.37,54.75,71.04
72.94,72.94,52.87,60.12,74.38
73.36,73.36,48.57,63.88,72.22
72.06,72.06,47.72,67.75,70.12
72.60,72.60,46.06,69.95,71.59
71.55,71.55,43.15,67.56,69.40
74.93,74.93,42.55,67.79,71.88
75.43,75.43,42.36,68.47,73.81
73.02,73.02,41.34,67.40,69.31
73.55,73.55,40.54,67.33,67.07
73.21,73.21,41.89,66.73,66.50
74.26,74.26,44.94,64.60,66.34
73.05,73.05,48.56,65.19,66.39
74.74,74.74,55.47,64.17,69.20
74.39,74.39,50.96,64.95,68.18
74.73,74.73,51.04,65.87,72.03
74.62,74.62,51.00,61.69,70.16
73.75,73.75,48.42,58.77,72.36
72.26,72.26,42.15,64.53,70.66
73.19,73.19,42.37,65.53,69.29
71.95,71.95,38.78,70.20,68.21
72.88,72.88,40.63,72.61,68.65
76.56,76.56,48.16,71.05,67.71
75.09,75.09,46.20,69.91,68.17
74.30,74.30,43.28,69.32,67.90
73.29,73.29,42.03,70.68,68.20
74.33,74.33,39.90,70.22,68.65
73.77,73.77,43.71,67.22,70.27
73.31,73.31,51.24,62.95,71.25
72.67,72.67,54.17,63.16,70.52
74.12,74.12,55.21,56.85,74.79
73.17,73.17,56.07,60.41,73.37
72.44,72.44,54.93,62.70,71.37
71.70,71.70,53.15,64.83,73.44
72.10,72.10,52.69,64.36,73.39
69.75,69.75,51.54,66.54,71.97
70.27,70.27,47.32,71.31,71.84
69.95,69.95,42.19,71.47,72.96
73.12,73.12,41.39,69.78,73.45
77.16,77.16,43.36,69.42,72.08
72.61,72.61,43.25,70.95,70.38
73.09,73.09,41.87,69.48,71.31
71.66,71.66,41.37,70.40,72.89
70.19,70.19,42.40,69.50,73.17
72.32,72.32,48.65,69.25,73.86
72.41,72.41,50.45,70.75,71.09
73.77,73.77,50.25,68.88,71.02
75.84,75.84,52.79,68.62,72.17
73.81,73.81,51.43,65.59,70.09
73.91,73.91,50.53,64.60,69.98
72.98,72.98,50.68,68.44,66.05
73.31,73.31,49.12,67.85,69.09
73.46,73.46,49.64,68.75,65.44
73.26,73.26,49.32,66.89,66.95
73.14,73.14,55.41,65.44,71.56
77.47,77.47,56.99,67.41,71.66
76.18,76.18,56.11,67.25,69.66
74.08,74.08,56.01,69.14,68.87
72.09,72.09,54.29,69.04,72.78
72.75,72.75,54.67,65.70,66.67
72.72,72.72,53.25,53.95,71.31
71.69,71.69,50.91,64.82,70.76
72.61,72.61,48.43,57.42,67.86
73.74,73.74,49.81,52.69,73.32
74.61,74.61,49.08,54.81,72.34
74.74,74.74,47.25,54.80,70.50
74.02,74.02,44.29,68.81,70.10
72.95,72.95,43.60,68.79,69.94
72.98,72.98,42.80,66.10,71.92
71.43,71.43,40.62,69.43,68.92
69.47,69.47,40.11,70.04,71.04
70.12,70.12,49.38,72.71,71.10
75.90,75.90,59.54,72.01,70.73
74.62,74.62,56.83,69.83,70.90
73.28,73.28,55.26,71.11,69.56
70.30,70.30,51.66,69.00,72.23
71.09,71.09,51.55,65.62,66.07
70.89,70.89,51.91,67.36,68.29
68.57,68.57,56.42,67.20,69.62
68.79,68.79,60.29,64.57,70.40
77.85,77.85,59.28,58.31,70.66
74.46,74.46,56.59,65.52,70.48
72.56,72.56,53.38,61.67,71.64
70.07,70.07,51.62,58.55,73.63
68.07,68.07,50.60,55.42,71.71
67.38,67.38,51.33,64.99,72.52
68.15,68.15,51.85,71.46,72.34
76.18,76.18,55.05,68.56,72.41
74.83,74.83,59.20,62.05,71.53
72.70,72.70,56.38,65.39,72.35
71.60,71.60,55.76,65.44,73.80
65.52,65.52,54.20,64.70,72.42
69.03,69.03,52.69,62.02,72.94
67.55,67.55,51.39,66.00,72.19
72.05,72.05,46.97,66.95,72.12
76.12,76.12,48.36,69.10,73.89
74.44,74.44,48.25,62.81,71.54
72.65,72.65,46.03,59.35,71.93
73.05,73.05,46.50,55.04,75.54
73.00,73.00,47.94,59.20,75.34
72.49,72.49,47.45,63.45,69.13
69.88,69.88,44.11,68.13,69.52
73.63,73.63,43.23,70.79,69.27
73.66,73.66,46.18,72.34,69.81
74.56,74.56,44.46,68.97,71.36
70.33,70.33,43.88,67.62,70.39
72.53,72.53,48.20,69.90,67.81
72.57,72.57,50.62,67.61,68.95
71.38,71.38,52.14,67.48,68.01
73.87,73.87,54.99,67.63,71.81
69.19,69.19,58.17,64.79,73.41
69.09,69.09,60.72,62.71,73.83
72.62,72.62,60.31,57.85,77.89
71.87,71.87,55.74,66.36,71.60
75.38,75.38,57.73,66.64,70.06
75.92,75.92,56.78,71.79,70.37
72.76,72.76,54.96,72.60,71.34
75.39,75.39,51.90,69.96,68.35
74.58,74.58,49.83,69.55,69.10
72.86,72.86,53.71,68.54,69.83
73.25,73.25,52.80,67.80,72.59
74.92,74.92,50.96,68.12,68.95
74.47,74.47,53.94,65.57,68.00
77.43,77.43,52.37,66.26,68.35
72.98,72.98,52.61,68.65,66.66
75.64,75.64,56.18,66.23,65.44
72.76,72.76,59.08,65.22,65.80
74.85,74.85,64.75,62.85,70.86
74.44,74.44,60.67,63.96,68.64
72.81,72.81,57.47,69.32,70.95
69.71,69.71,56.53,61.94,74.18
67.18,67.18,52.60,58.03,74.74
64.55,64.55,50.06,65.97,74.76
61.52,61.52,49.79,68.14,73.62
58.46,58.46,44.60,67.99,75.22
62.78,62.78,44.17,68.30,74.84
64.88,64.88,45.19,68.04,74.21
64.75,64.75,41.00,68.02,74.79
64.00,64.00,40.20,67.79,74.02
67.98,67.98,38.97,67.51,72.59
66.75,66.75,40.72,68.80,72.91
67.52,67.52,39.09,69.18,75.89
66.58,66.58,45.83,68.12,73.53
68.57,68.57,46.61,65.78,71.42
67.68,67.68,43.79,65.62,73.55
66.57,66.57,42.54,65.08,74.41
67.47,67.47,44.64,64.02,72.89
68.53,68.53,47.44,59.28,72.53
68.23,68.23,45.36,56.77,74.59
65.96,65.96,41.89,54.00,75.90
67.36,67.36,41.16,48.37,73.73
66.85,66.85,41.02,41.45,73.44
66.86,66.86,44.62,43.08,73.67
65.63,65.63,56.83,50.01,73.15
67.62,67.62,57.55,55.65,73.07
66.01,66.01,48.16,53.65,71.09
66.56,66.56,46.80,52.82,71.76
66.58,66.58,47.17,46.47,73.26
68.12,68.12,47.66,54.28,73.74
66.21,66.21,46.02,54.52,73.57
66.55,66.55,55.99,51.37,75.38
67.23,67.23,63.41,58.44,72.17
66.95,66.95,57.52,53.93,74.08
65.86,65.86,58.47,56.37,75.08
67.04,67.04,55.93,55.95,75.18
65.86,65.86,48.10,63.35,74.33
67.02,67.02,47.28,62.62,73.88
62.12,62.12,44.53,66.77,73.84
64.85,64.85,42.09,66.55,74.72
64.25,64.25,41.97,68.01,70.80
67.86,67.86,43.07,62.84,74.17
65.97,65.97,39.34,60.36,73.17
65.81,65.81,37.74,64.80,73.33
62.82,62.82,37.52,64.16,73.50
62.55,62.55,39.14,56.72,74.60
62.18,62.18,43.13,68.13,74.16
65.56,65.56,55.69,69.82,70.53
70.56,70.56,68.74,67.37,70.72
66.39,66.39,57.03,58.39,73.23
66.50,66.50,55.81,52.67,72.35
67.37,67.37,57.58,60.34,72.35
63.59,63.59,50.96,62.73,72.01
64.21,64.21,46.94,64.87,72.34
62.50,62.50,45.89,64.03,72.18
64.37,64.37,45.08,64.24,70.91
63.08,63.08,43.56,63.64,71.91
62.72,62.72,43.95,62.98,72.40
61.87,61.87,43.46,59.52,69.45
62.17,62.17,40.95,56.71,71.25
58.77,58.77,39.76,55.89,70.52
55.55,55.55,38.90,53.04,71.19
52.17,52.17,39.32,54.05,68.62
48.41,48.41,39.01,53.40,69.48
55.32,55.32,52.66,54.89,71.03
63.04,63.04,54.70,52.12,69.32
58.43,58.43,56.24,49.94,68.89
62.21,62.21,52.63,40.09,68.65
63.02,63.02,52.03,46.63,69.64
51.92,51.92,53.12,50.84,68.63
50.39,50.39,50.83,49.08,68.33
46.02,46.02,45.36,55.19,68.33
46.63,46.63,42.27,57.75,66.91
45.78,45.78,41.48,55.10,68.27
45.39,45.39,39.92,56.97,68.98
55.55,55.55,37.18,57.15,67.65
56.92,56.92,36.82,56.67,68.04
53.51,53.51,35.66,55.96,66.22
47.72,47.72,34.71,52.92,67.37
50.90,50.90,33.44,52.11,68.49
48.57,48.57,38.84,52.39,66.66
43.17,43.17,46.01,48.96,68.23
59.58,59.58,58.23,46.50,66.62
51.51,51.51,52.16,43.94,66.35
52.50,52.50,49.17,38.66,64.73
54.85,54.85,50.51,49.78,64.75
44.96,44.96,43.54,55.72,67.59
42.96,42.96,41.34,58.61,65.65
43.41,43.41,38.85,60.21,65.91
41.60,41.60,35.33,60.99,64.49
39.92,39.92,36.48,59.70,64.94
45.94,45.94,38.12,58.02,63.52
53.95,53.95,41.24,56.73,65.91
44.75,44.75,40.49,57.03,62.04
39.44,39.44,35.20,52.87,64.00
38.92,38.92,36.04,51.87,64.51
40.43,40.43,41.33,48.35,63.41
49.10,49.10,45.38,40.95,61.94
57.34,57.34,54.62,34.37,60.15
56.29,56.29,49.68,28.94,61.63
53.11,53.11,48.22,36.85,62.06
47.98,47.98,51.51,39.52,63.38
45.16,45.16,45.39,36.94,62.25
47.91,47.91,43.18,34.66,64.32
41.92,41.92,44.66,35.87,63.29
36.55,36.55,39.09,34.50,63.04
34.37,34.37,43.01,35.80,61.20
41.14,41.14,43.71,36.90,61.39
50.49,50.49,44.35,34.92,61.61
52.43,52.43,37.52,32.73,62.54
51.77,51.77,37.55,32.93,61.91
51.35,51.35,37.04,31.51,60.91
51.03,51.03,37.79,31.44,58.19
41.32,41.32,38.95,30.20,56.89
39.58,39.58,39.43,32.77,58.92
43.64,43.64,40.83,33.02,58.68
55.15,55.15,43.25,33.44,58.33
54.54,54.54,45.10,32.98,58.48
50.83,50.83,43.92,31.21,58.18
45.55,45.55,42.92,27.66,56.56
41.72,41.72,41.33,28.36,56.34
34.54,34.54,44.54,30.31,54.41
31.19,31.19,43.02,27.65,50.68
27.61,27.61,50.64,26.78,55.34
30.40,30.40,55.06,32.17,57.73
35.95,35.95,50.10,29.94,54.25
41.84,41.84,48.69,32.68,56.87
42.74,42.74,45.76,30.11,56.44
44.29,44.29,44.96,32.64,53.06
38.10,38.10,47.35,36.27,52.33
35.25,35.25,45.02,29.13,53.57
42.69,42.69,52.52,24.30,52.80
47.67,47.67,50.62,25.01,51.36
42.92,42.92,48.65,31.39,52.75
39.12,39.12,48.99,29.87,53.53
39.63,39.63,47.71,31.36,53.44
36.03,36.03,44.96,24.54,52.83
32.84,32.84,44.05,25.52,53.24
31.96,31.96,44.55,33.49,52.83
31.16,31.16,44.91,36.39,51.15
30.35,30.35,44.21,32.76,52.08
30.29,30.29,46.17,33.24,53.47
34.64,34.64,42.88,32.06,53.97
30.10,30.10,45.24,31.99,53.76
36.51,36.51,44.00,28.52,53.44
41.56,41.56,42.80,31.21,45.62
40.95,40.95,43.28,36.36,47.19
39.43,39.43,45.50,36.37,44.45
33.48,33.48,49.02,33.41,44.93
48.90,48.90,51.93,32.20,43.95
43.47,43.47,43.36,29.76,43.08
39.87,39.87,45.23,29.72,45.72
38.11,38.11,44.95,25.22,46.88
34.41,34.41,39.24,28.45,47.74
32.05,32.05,42.05,31.36,45.21
30.89,30.89,42.25,34.49,47.01
30.53,30.53,42.62,33.21,46.24
29.07,29.07,40.13,32.03,44.41
28.63,28.63,39.70,30.92,44.90
31.12,31.12,39.69,27.92,45.28
30.99,30.99,41.46,26.65,42.89
31.38,31.38,39.01,29.65,41.83
32.59,32.59,40.87,28.66,40.73
28.26,28.26,39.96,26.83,39.39
27.70,27.70,40.22,28.10,38.06
26.52,26.52,45.20,27.23,36.01
31.15,31.15,45.49,24.24,32.41
33.54,33.54,42.42,25.46,34.44
31.86,31.86,43.56,26.00,33.40
30.00,30.00,43.49,25.87,32.75
25.00,25.00,40.75,24.08,31.16
20.73,20.73,39.54,22.90,29.99
19.72,19.72,38.83,17.10,29.96
19.80,19.80,37.77,17.46,29.19
28.34,28.34,37.90,17.40,29.33
27.09,27.09,36.53,17.02,26.30
25.99,25.99,35.86,13.74,25.61
23.10,23.10,33.02,11.73,24.97
22.13,22.13,32.03,11.50,24.18
20.88,20.88,30.59,10.71,23.90
15.32,15.32,27.64,6.62,21.43
15.21,15.21,30.60,12.22,21.21
19.40,19.40,25.63,7.49,16.47
13.43,13.43,19.69,8.16,12.37
6.02,6.02,25.52,9.91,15.42
2.58,2.58,13.48,4.07,7.84
0.05,0.05,1.28,0.06,1.13
-0.00,-0.00,-0.00,-0.00,-0.00
-0.00,-0.00,-0.00,-0.00,-0.00
-0.00,-0.00,-0.00,-0.00,-0.00
-0.00,-0.00,-0.00,-0.00,-0.00
-0.00,-0.00,-0.00,-0.00,-0.00
-0.00,-0.00,-0.00,-0.00,-0.00
-0.00,-0.00,-0.00,-0.00,-0.00
-0.00,-0.00,-0.00,-0.00,-0.00
-0.00,-0.00,-0.00,-0.00,-0.00
-0.00,-0.00,-0.00,-0.00,-0.00
-0.00,-0.00,-0.00,-0.00,-0.00
-0.00,-0.00,-0.00,-0.00,-0.00
-0.00,-0.00,-0.00,-0.00,-0.00
-0.00,-0.00,-0.00,-0.00,-0.00
-0.00,-0.00,-0.00,-0.00,-0.00
-0.00,-0.00,-0.00,-0.00,-0.00
-0.00,-0.00,-0.00,-0.00,-0.00
-0.00,-0.00,-0.00,-0.00,-0.00
-0.00,-0.00,-0.00,-0.00,-0.00
-0.00,-0.00,-0.00,-0.00,-0.00
-0.00,-0.00,-0.00,-0.00,-0.00
-0.00,-0.00,-0.00,-0.00,-0.00
-0.00,-0.00,-0.00,-0.00,-0.00
-0.00,-0.00,-0.00,-0.00,-0.00
-0.00,-0.00,-0.00,-0.00,-0.00
-0.00,-0.00,-0.00,-0.00,-0.00
-0.00,-0.00,-0.00,-0.00,-0.00
-0.00,-0.00,-0.00,-0.00,-0.00
-0.00,-0.00,-0.00,-0.00,-0.00
-0.00,-0.00,-0.00,-0.00,-0.00
-0.00,-0.00,-0.00,-0.00,-0.00
-0.00,-0.00,-0.00,-0.00,-0.00
-0.00,-0.00,-0.00,-0.00,-0.00
-0.00,-0.00,-0.00,-0.00,-0.00
-0.00,-0.00,-0.00,-0.00,-0.00
-0.00,-0.00,-0.00,-0.00,-0.00
-0.00,-0.00,-0.00,-0.00,-0.00
-0.00,-0.00,-0.00,-0.00,-0.00
-0.00,-0.00,-0.00,-0.00,-0.00
-0.00,-0.00,-0.00,-0.00,-0.00
-0.00,-0.00,-0.00,-0.00,-0.00
-0.00,-0.00,-0.00,-0.00,-0.00
-0.00,-0.00,-0.00,-0.00,-0.00
-0.00,-0.00,-0.00,-0.00,-0.00
-0.00,-0.00,-0.00,-0.00,-0.00
-0.00,-0.00,-0.00,-0.00,-0.00
-0.00,-0.00,-0.00,-0.00,-0.00
-0.00,-0.00,-0.00,-0.00,-0.00
-0.00,-0.00,-0.00,-0.00,-0.00
-0.00,-0.00,-0.00,-0.00,-0.00
-0.00,-0.00,-0.00,-0.00,-0.00
-0.00,-0.00,-0.00,-0.00,-0.00
-0.00,-0.00,-0.00,-0.00,-0.00
-0.00,-0.00,-0.00,-0.00,-0.00
-0.00,-0.00,-0.00,-0.00,-0.00
-0.00,-0.00,-0.00,-0.00,-0.00
-0.00,-0.00,-0.00,-0.00,-0.00
-0.00,-0.00,-0.00,-0.00,-0.00
-0.00,-0.00,-0.00,-0.00,-0.00
-0.00,-0.00,-0.00,-0.00,-0.00
-0.00,-0.00,-0.00,-0.00,-0.00
-0.00,-0.00,-0.00,-0.00,-0.00
-0.00,-0.00,-0.00,-0.00,-0.00
-0.00,-0.00,-0.00,-0.00,-0.00
-0.00,-0.00,-0.00,-0.00,-0.00
-0.00,-0.00,-0.00,-0.00,-0.00
-0.00,-0.00,-0.00,-0.00,-0.00
-0.00,-0.00,-0.00,-0.00,-0.00
-0.00,-0.00,-0.00,-0.00,-0.00
-0.00,-0.00,-0.00,-0.00,-0.00
-0.00,-0.00,-0.00,-0.00,-0.00
-0.00,-0.00,-0.00,-0.00,-0.00
-0.00,-0.00,-0.00,-0.00,-0.00
-0.00,-0.00,-0.00,-0.00,-0.00
-0.00,-0.00,-0.00,-0.00,-0.00
-0.00,-0.00,-0.00,-0.00,-0.00
-0.00,-0.00,-0.00,-0.00,-0.00
-0.00,-0.00,-0.00,-0.00,-0.00
-0.00,-0.00,-0.00,-0.00,-0.00
-0.00,-0.00,-0.00,-0.00,-0.00
-0.00,-0.00,-0.00,-0.00,-0.00
-0.00,-0.00,-0.00,-0.00,-0.00
-0.00,-0.00,-0.00,-0.00,-0.00
-0.00,-0.00,-0.00,-0.00,-0.00
-0.00,-0.00,-0.00,-0.00,-0.00
-0.00,-0.00,-0.00,-0.00,-0.00
-0.00,-0.00,-0.00,-0.00,-0.00
-0.00,-0.00,-0.00,-0.00,-0.00
-0.00,-0.00,-0.00,-0.00,-0.00
-0.00,-0.00,-0.00,-0.00,-0.00
-0.00,-0.00,-0.00,-0.00,-0.00
-0.00,-0.00,-0.00,-0.00,-0.00
-0.00,-0.00,-0.00,-0.00,-0.00
-0.00,-0.00,-0.00,-0.00,-0.00
-0.00,-0.00,-0.00,-0.00,-0.00
-0.00,-0.00,-0.00,-0.00,-0.00
-0.00,-0.00,-0.00,-0.00,-0.00
-0.00,-0.00,-0.00,-0.00,-0.00
-0.00,-0.00,-0.00,-0.00,-0.00
-0.00,-0.00,-0.00,-0.00,-0.00
-0.00,-0.00,-0.00,-0.00,-0.00
-0.00,-0.00,-0.00,-0.00,-0.00
-0.00,-0.00,-0.00,-0.00,-0.00
-0.00,-0.00,-0.00,-0.00,-0.00
-0.00,-0.00,-0.00,-0.00,-0.00
-0.00,-0.00,-0.00,-0.00,-0.00
-0.00,-0.00,-0.00,-0.00,-0.00
-0.00,-0.00,-0.00,-0.00,-0.00
-0.00,-0.00,-0.00,-0.00,-0.00
-0.00,-0.00,-0.00,-0.00,-0.00
-0.00,-0.00,-0.00,-0.00,-0.00
-0.00,-0.00,-0.00,-0.00,-0.00
-0.00,-0.00,-0.00,-0.00,-0.00
-0.00,-0.00,-0.00,-0.00,-0.00
-0.00,-0.00,-0.00,-0.00,-0.00
-0.00,-0.00,-0.00,-0.00,-0.00
-0.00,-0.00,-0.00,-0.00,-0.00
-0.00,-0.00,-0.00,-0.00,-0.00
-0.00,-0.00,-0.00,-0.00,-0.00
-0.00,-0.00,-0.00,-0.00,-0.00
-0.00,-0.00,-0.00,-0.00,-0.00
-0.00,-0.00,-0.00,-0.00,-0.00
-0.00,-0.00,-0.00,-0.00,-0.00
-0.00,-0.00,-0.00,-0.00,-0.00
-0.00,-0.00,-0.00,-0.00,-0.00
-0.00,-0.00,-0.00,-0.00,-0.00
-0.00,-0.00,-0.00,-0.00,-0.00
-0.00,-0.00,-0.00,-0.00,-0.00
-0.00,-0.00,-0.00,-0.00,-0.00
-0.00,-0.00,-0.00,-0.00,-0.00
-0.00,-0.00,-0.00,-0.00,-0.00
-0.00,-0.00,-0.00,-0.00,-0.00
-0.00,-0.00,-0.00,-0.00,-0.00
-0.00,-0.00,-0.00,-0.00,-0.00
-0.00,-0.00,-0.00,-0.00,-0.00
-0.00,-0.00,-0.00,-0.00,-0.00
-0.00,-0.00,-0.00,-0.00,-0.00
-0.00,-0.00,-0.00,-0.00,-0.00
-0.00,-0.00,-0.00,-0.00,-0.00
-0.00,-0.00,-0.00,-0.00,-0.00
-0.00,-0.00,-0.00,-0.00,-0.00
-0.00,-0.00,-0.00,-0.00,-0.00
-0.00,-0.00,-0.00,-0.00,-0.00
-0.00,-0.00,-0.00,-0.00,-0.00
-0.00,-0.00,-0.00,-0.00,-0.00
-0.00,-0.00,-0.00,-0.00,-0.00
